language;glottocode;WordOrder.binned5;WordOrder.SO;WordOrder.binned7;WordOrder.S_first;MorphMarking;HeadMarking;DependentMarking;Sources
!Xóõ;xooo1239;SVO;yes;SVO;yes;yes;yes;no;Traill 1994: 20-21, König 2008c: 1003-1005
=|Hoan;hoaa1235;SVO;yes;SVO;yes;yes;;yes;Collins 2003
Abau;abau1245;V3;yes;SOV;yes;yes;yes;yes;Bailey 1975: 72, 73, Lock 2011: 80-84
Abipón;abip1241;SVO;yes;SVO;yes;yes;yes;no;Najlis 1966: 28-34, 39-, 87, 75
Abkhaz;abkh1244;V3;yes;SOV;yes;yes;yes;no;Hewitt 1979
Abun;abun1252;SVO;yes;SVO;yes;no;no;no;Berry and Berry 1999: 44-45
Acehnese;achi1257;nd;no;no dom.;no;yes;yes;no;Durie 1985: 123, 180-181, 55-61
Achagua;acha1250;SVO;yes;SVO;yes;yes;yes;yes;Melendez 1993
Achuar;achu1248;V3;yes;SOV;yes;yes;;yes;Fast, Fast and Fast 1996: 27, 60-61, Wise 1999: 321
Achumawi;achu1247;SVO;yes;SVO;yes;yes;yes;yes;Mithun 2001: 471-472
Acoma;west2632;nd;no;no dom.;no;yes;yes;no;Maring 1967: 54-55, 107
Adang;adan1251;V3;yes;SOV;yes;yes;yes;yes;Haan 2001
Adyghe (Abzakh);adyg1241;V3;yes;SOV;yes;yes;;yes;Hewitt 2005, Comrie 1981: 225
Aekyom/Awin;aeky1238;V3;yes;SOV;yes;yes;yes;;Voorhoeve 1975: 389-390
Afrikaans;afri1274;SVO;yes;SVO;yes;no;no;no;Donaldson 1993
Agarabi;agar1252;V3;yes;SOV;yes;yes;yes;yes;Goddard 1974: 81, 86, 88
Ainu;ainu1240;V3;yes;SOV;yes;yes;yes;no;Tamura 2000: 39, 47-55, 58-
Aja;ajas1235;SVO;yes;SVO;yes;yes;yes;;Santandrea 1976: 147-148
Akan (Asante);akan1250;SVO;yes;SVO;yes;no;no;no;Osam 1994: 124-125, 146-148, 151-152
Akan (Fante);fant1241;SVO;yes;SVO;yes;yes;yes;no;Osam 1994: 124-125, 146-148, 151-152
Alamblak;alam1246;V3;yes;SOV;yes;yes;yes;no;Bruce 1984
Alawa;alaw1244;nd;no;no dom.;no;yes;yes;yes;Sharpe 1972
Albanian;gheg1238;SVO;yes;SVO;yes;yes;;yes;Newmark, Hubbard and Prifti 1982: 135-137
Aleut;aleu1260;V3;yes;SOV;yes;yes;yes;;Merchant 2008
Allentiac;alle1238;V3;yes;SOV;yes;yes;yes;yes;Adelaar 2004: 544-549
Alsea;alse1251;V1;no;no dom.;no;yes;yes;yes;Buckley 1989, Mithun 2001: 341-343
Alune;alun1238;SVO;yes;SVO;yes;yes;yes;;Florey 2001
Amanab;aman1265;V3;yes;SOV;yes;yes;yes;yes;Minch 1992
Ambulas;ambu1247;V3;yes;SOV;yes;yes;;yes;Wilson 1980: 27, 28, 117, Nichols 1992
Amele;amel1241;V3;yes;SOV;yes;yes;yes;no;Roberts 1987: 67, 68, 72, 161, 162
Amharic;amha1245;V3;yes;SOV;yes;yes;yes;yes;König 2008a: 90, Leslau 1995: 181-182
Amis;amis1246;V1;no;no dom.;no;yes;;yes;Wu 2006: 78-85, 99-107
Amuzgo;guer1243;V1;yes;VSO;yes;yes;yes;no;Stewart and Stewart 2000: 416-417
Andoke;ando1256;nd;no;no dom.;no;yes;yes;;Landaburu 1976: 94-95
Anêm;anem1249;SVO;yes;SVO;yes;yes;yes;;Thurston 1982
Anggor;ango1254;V3;yes;SOV;yes;yes;yes;no;Litteral 2003: 51-57, 97
Anindilyakwa;anin1240;nd;no;no dom.;no;yes;yes;no;Leeding 1989: 302
Ansus;ansu1237;SVO;yes;SVO;yes;yes;yes;;Donohue 2005b: 529
Apurinã;apur1254;SVO;yes;SVO;yes;yes;yes;no;Facundes 2000: 290
Arabela;arab1268;V3;yes;SOV;yes;yes;yes;yes;Rich 1999: 26, 34-39, 57-58, 81
Arabic (Egyptian);egyp1253;SVO;yes;SVO;yes;yes;yes;no;Comrie 2005, Jelinek 2002
Araona;arao1248;V3;no;no dom.;no;yes;;yes;Pitman 1980: 14, Comrie 2005
Arapesh (Mountain);buki1249;SVO;yes;SVO;yes;yes;yes;no;Conrad and Wogiga 1991
Arawak;araw1276;SVO;yes;SVO;yes;no;no;no;Pet 1987: 3, 23, 24, 45, 48
Armenian (Western);nucl1235;V3;yes;SOV;yes;yes;yes;yes;Kogian 1949: 33, 34
Asmat;tamn1235;V3;yes;SOV;yes;yes;yes;yes;Nichols 1992
Assamese;assa1263;V3;yes;SOV;yes;yes;;yes;Goswami and Tamuli 2003: 432-433, Masica 1991
Asuriní;toca1235;OVS;no;OVS;no;yes;yes;;Harrison 1970: 6, 119, 143, 156-157, Harrison 1975: 12
Atacameño;kunz1244;V3;yes;SOV;yes;yes;;yes;Adelaar 2004: 375-385
Atakapa;atak1252;V3;no;no dom.;no;yes;yes;no;Swanton 1929: 125-127
Atayal;atay1247;V1;no;VOS;no;yes;yes;yes;Rau 1992: 139-140, Huang 1995
Atohwaim;atoh1238;V3;yes;SOV;yes;yes;yes;;Voorhoeve 1975: 368
Atsugewi;atsu1245;nd;no;no dom.;no;yes;yes;yes;Mithun 2001: 471-472
Au;auuu1241;SVO;yes;SVO;yes;yes;yes;no;Scorza 1985: 245-249, 259-
Avar;avar1256;V3;yes;SOV;yes;yes;;yes;van den Berg 2005, Charachidzé 1981: 37
Avokaya;avok1242;nd;no;no dom.;no;no;no;no;Kilpatrick 1981
Awa Pit;awac1239;V3;yes;SOV;yes;yes;yes;yes;Curnow 1997: 65, Comrie 2005
Awngi;awng1244;V3;no;no dom.;no;yes;;yes;König 2008a: 89, Hetzron 1978, Appleyard 1988
Awtuw;awtu1239;V3;yes;SOV;yes;yes;;yes;Feldman 1986: 107-111, Malchukov 2008, Nichols 1992
Ayiwo;ayiw1239;OVS;no;OVS;no;yes;yes;;Wurm 1992: 155-
Aymara;nucl1667;V3;yes;SOV;yes;yes;;yes;Bossong 1989, Comrie 2005
Ayoreo;ayor1240;SVO;yes;SVO;yes;yes;yes;;Adelaar 2004: 496-497
Azerbaijani;sout2697;V3;yes;SOV;yes;yes;;yes;Kornfilt and von Heusinger 2009, Schönig 1998: 251
Babungo;veng1238;SVO;yes;SVO;yes;no;no;no;Schaub 1985: 193, 194
Bagirmi;bagi1246;SVO;yes;SVO;yes;no;no;no;Stevenson 1969: 37, 31-38, 82-88
Bagiro;furu1242;SVO;yes;SVO;yes;yes;yes;;Boyeldieu 2000
Bagvalal;bagv1239;;;;;yes;yes;;Corbett 2006: 749-750
Bai;cent2004;SVO;yes;SVO;yes;yes;no;yes;Wiersma 1990: 184, LaPolla 1994, Wiersma 2003
Bajau (Sama);indo1317;nd;no;no dom.;no;yes;yes;yes;Miller 2007, Donohue and Brown 1999
Bali-Vitu;bali1280;SVO;yes;SVO;yes;yes;yes;;van den Berg and Bachet 2006
Bambara;bamb1269;V3;yes;SOV;yes;yes;no;yes;Dumestre 2003: 38, 39, 179-184, Heath 2007
Baniwa;bani1255;V1;no;VOS;no;yes;yes;;Mosonyi et al 2000b: 202
Barai;bara1377;V3;yes;SOV;yes;yes;yes;no;Van Valin and LaPolla 1997: 313-317
Barasano;bara1380;nd;no;no dom.;no;yes;yes;yes;Jones and Jones 1991: 65, Comrie 2005
Baré;bare1276;SVO;yes;SVO;yes;yes;yes;;Aikhenvald 2007: 851
Bari;bari1284;SVO;yes;SVO;yes;no;no;no;Spagnolo 1933: 55, 104-105, 80
Bari (Chibchan);bari1297;V3;yes;SOV;yes;yes;yes;yes;Quesada 2004: 366-373
Bashkir;bash1264;V3;no;no dom.;no;yes;yes;yes;Poppe 1997: 35-
Basketo;bask1236;V3;no;no dom.;no;yes;;yes;König 2008a: 90
Basque;basq1248;V3;yes;SOV;yes;yes;yes;yes;Hualde and Ortiz de Urbina 2003: 171-181, Comrie 2005
Bauzi;bauz1241;V3;yes;SOV;yes;yes;yes;yes;Briley 1997: 25-32
Bawm;bawm1236;V3;yes;SOV;yes;yes;yes;yes;Reichle 1981: 24-28, Comrie 2005
Begak-Ida'an;idaa1241;nd;yes;no dom.;yes;yes;yes;;Goudswaard 2005: 125-
Beja;beja1238;V3;yes;SOV;yes;yes;yes;yes;Hudson 1974: 115, 118-121
Belhare;belh1239;V3;no;no dom.;no;yes;yes;yes;Bickel (to appear), Bickel 2003
Bella Coola;bell1243;V1;yes;VSO;yes;yes;yes;;Nater 1985: 37, 38, 42
Belorussian;bela1254;nd;no;no dom.;no;yes;yes;yes;Mayo 2002: 914
Berber (Middle Atlas);cent2194;V1;yes;VSO;yes;yes;yes;yes;Penchoen 1973
Berber (Rif);tari1263;SVO;yes;SVO;yes;yes;;yes;Kossmann 2000: 23
Berik;beri1254;V3;yes;SOV;yes;yes;yes;yes;Westrum 1988: 141, 144-145, 150-, 166-167
Berta;bert1248;SVO;yes;SVO;yes;yes;no;yes;Andersen 1995: 41-44
Betoi;beto1236;V3;yes;SOV;yes;yes;yes;no;Zamponi 2003: 20-25
Biak;biak1248;SVO;yes;SVO;yes;yes;yes;;Heuvel 2006: 283, 284
Bilin;bili1260;nd;no;no dom.;no;yes;yes;yes;Tucker and Bryan 1966: 514, König 2008a: 89
Bilua;bilu1245;nd;no;no dom.;no;yes;yes;yes;Todd 1975: 812, 814
Bininj Gun-Wok;gunw1252;nd;no;no dom.;no;yes;yes;no;Evans 2003b: 389-417
Birom;bero1242;SVO;yes;SVO;yes;yes;yes;no;Bouquaix 1970: 123, 129, 135, 165, 298-305, 343, 348
Bokar;damu1236;V3;yes;SOV;yes;yes;no;yes;LaPolla 1994, Sun 1994: 196, Sun 2003b
Boko;boko1266;V3;yes;SOV;yes;yes;yes;no;Jones 1998: 139, 173, 274
Bora;bora1263;V3;yes;SOV;yes;yes;yes;yes;Thiesen 1996
Bororo;boro1282;V3;no;no dom.;no;yes;yes;no;Crowell 1979: 21-22, 206-, 250
Boruca;boru1252;V3;yes;SOV;yes;yes;no;yes;Quesada 2000a: 73, 77
Brahui;brah1256;V3;yes;SOV;yes;yes;yes;yes;Andronov 1980: 36-38, 56-58
Breton;bret1244;V1;yes;VSO;yes;yes;yes;no;Wmffre 1998a: 13, 36-38
Bribri;brib1243;V3;yes;SOV;yes;yes;;yes;Bobillo et al (no year), Comrie 2005
Buduma;budu1265;SVO;yes;SVO;yes;yes;yes;;Lukas and Nachtigal 1939: 34-36, 50-51, 53
Bugan;buga1247;SVO;yes;SVO;yes;no;no;no;Li 2006b
Burarra;bura1267;V3;yes;SOV;yes;yes;yes;no;Glasgow 1988
Buriat;mong1330;V3;yes;SOV;yes;yes;;yes;Comrie 1981: 87, Skribnik 2003: 108-109
Burmese;nucl1310;V3;yes;SOV;yes;yes;no;yes;Soe 1999: chapter 5, Comrie 2005
Burushaski;buru1296;V3;yes;SOV;yes;yes;yes;yes;Wilson 1996: 9-10, Comrie 2005
Busa;busa1253;V3;yes;SOV;yes;yes;yes;no;Jones 1998: 139, 173, 274
Cacua;cacu1241;V3;no;no dom.;no;yes;yes;yes;Martins and Martins 1999: 263, Bolaños 2016
Cahuilla;cahu1264;V3;yes;SOV;yes;yes;yes;yes;Sauvel and Munro 1981: 59, 89, Comrie 2005
Campa (Axininca);asha1243;nd;no;no dom.;no;yes;yes;no;Patte 1993: 120
Camsá;cams1241;V3;no;no dom.;no;yes;yes;no;Howard 1977
Canamarí;kana1291;nd;no;no dom.;no;yes;yes;no;Groth 1988: 60, 66
Candoshi;cand1248;V3;yes;SOV;yes;yes;yes;yes;Wise 1999: 320
Canela-Krahô;cane1242;V3;yes;SOV;yes;no;no;no;Popjes and Popjes 1986: 129-130
Cantonese;yuec1235;SVO;yes;SVO;yes;no;no;no;Matthews and Yip 1994: 79, 80, 128
Carib;gali1262;V3;yes;SOV;yes;yes;yes;no;Courtz 2008: 83, 138
Carib (De'kwana);maqu1238;V3;yes;SOV;yes;yes;yes;no;Hall 1988: 42, 46, 151
Cashinahua;cash1254;V3;no;no dom.;no;yes;;yes;Montag 1981, Nichols 1992
Cavineña;cavi1250;V3;no;no dom.;no;yes;;yes;Guillaume 2006: 161, 162, Comrie 2005
Cayuvava;cayu1262;V1;no;VOS;no;yes;yes;yes;Key 1967: 28-33
Cham (Eastern);east2563;SVO;yes;SVO;yes;no;no;no;Thurgood 2005
Chamorro;cham1312;V1;yes;VSO;yes;yes;yes;no;Cooreman 1987: 25, 26, 34-35, Topping 1973: 203
Chatino (Yaitepec);west2644;V1;yes;VSO;yes;yes;yes;yes;Rasch 2002: 127-128
Chayahuita;chay1248;V3;no;no dom.;no;yes;yes;yes;Hart 1988: 271, 272, 286, 478, 488, Wise 1999
Chechen;chec1245;V3;yes;SOV;yes;yes;;yes;Nichols 1994a: 23-, Nichols 1992
Chehalis (Upper);uppe1439;V1;yes;no dom.;yes;yes;yes;no;Kinkade 1963: 58-60, 85-86, 116-118, 134-136
Chepang;chep1245;V3;yes;SOV;yes;yes;yes;yes;Caughley 1982: 42
Cherokee;cher1273;nd;no;no dom.;no;yes;yes;;King 1975: 54-57
Chichimeca-Jonaz;chic1272;V3;yes;SOV;yes;yes;yes;no;Lastra de Suárez 1984: 29-33
Chimariko;chim1301;V3;no;no dom.;no;yes;yes;no;Jany 2007
Chimila;chim1309;SVO;yes;SVO;yes;yes;yes;yes;Adelaar 2004: 78-79
Chinantec (Comaltepec);coma1246;V1;yes;VSO;yes;yes;yes;no;Pace 1990, Anderson, Judi 1989
Chinantec (Lalana);lala1270;V1;no;VOS;no;yes;yes;no;Mugele 1982: 3-4
Chinantec (Lealao);leal1235;V1;no;VOS;no;yes;yes;no;Rupp 1989: 5-9
Chinantec (Quiotepec);quio1240;V1;yes;VSO;yes;yes;yes;;Robbins 1965: 3, 7, 139-142
Chinantec (Sochiapan);soch1239;V1;yes;VSO;yes;yes;yes;;Foris 1994: 149-150, 361, 362-
Chinantec (Tepetotutla);tepe1279;V1;yes;VSO;yes;yes;yes;no;Westley 1991: 33-36
Chinook (Lower);chin1286;V1;no;VOS;no;yes;yes;;Boas 1911: 573 (In Vrzić 1999: 195)
Chinook (Upper);wasc1239;V1;no;no dom.;no;yes;yes;no;Hymes 1955: 209-210, 214, 215, 225-234
Chiquitano;chiq1248;SVO;yes;SVO;yes;yes;yes;;Adelaar 2004: 477-488
Chitimacha;chit1248;V3;yes;SOV;yes;yes;yes;no;Granberry 2004: 50-60, 103,104
Choctaw;choc1276;V3;yes;SOV;yes;yes;;yes;Davies 1986: 7, Broadwell 2006: 68-75, Nichols 1992
Cholón;chol1284;V3;no;no dom.;no;yes;yes;;Adelaar 2004: 460-475
Chontal (Highland);high1242;SVO;yes;SVO;yes;yes;yes;;Turner 1963: 36-37
Chontal (Huamelultec Oaxaca);lowl1260;V1;no;no dom.;no;yes;yes;;O'connor 2004: 47
Chontal Maya;taba1266;SVO;yes;SVO;yes;yes;yes;;Knowles 1984: 76-, 310-
Chrau;chra1242;SVO;yes;SVO;yes;no;no;no;Thomas 1971: 69-70
Chukchi;chuk1273;nd;no;no dom.;no;yes;yes;yes;Dunn 1999: 104-114, Comrie 2005
Chumash (Barbareño);barb1263;V1;no;VOS;no;yes;yes;no;Mithun 2001: 391
Cinta Larga;cint1239;V3;yes;SOV;yes;yes;yes;yes;Sandberg 1988: 2, 4
Coahuilteco;coah1252;V3;yes;SOV;yes;yes;yes;no;Mithun 2001: 393-394, Troike 1996
Cocama;coca1259;SVO;yes;SVO;yes;no;no;no;Cabral 1995
Cofán;cofa1242;V3;no;no dom.;no;yes;yes;;Borman 1977: 302, 316, 332, 335, 337
Comanche;coma1245;V3;yes;SOV;yes;yes;;yes;Charney 1993: 53-58, Comrie 2005
Coos (Hanis);coos1249;nd;no;no dom.;no;yes;yes;yes;Comrie 2005, Frachtenberg 1922: 332
Coptic;copt1239;SVO;yes;SVO;yes;yes;yes;yes;Loprieno 1995, Engsheden 2008
Cora;elna1235;V1;yes;VSO;yes;yes;yes;no;Casad 1984
Cornish;corn1251;SVO;yes;SVO;yes;no;no;no;Wmffre 1998b: 49
Cree (Plains);plai1258;nd;no;no dom.;no;yes;yes;no;Dahlstrom 1991
Cuiba;cuib1242;V3;yes;SOV;yes;yes;yes;;Aikhenvald and Dixon 1999: 375
Daga;daga1275;V3;yes;SOV;yes;yes;yes;no;Murane 1974
Dagaare;sout2789;SVO;yes;SVO;yes;no;no;no;Bodomo 2000: 52, 17, 18, 25
Dagbani;dagb1246;SVO;yes;SVO;yes;no;no;no;Olawsky 1999: 45, 96
Dagur;daur1238;V3;yes;SOV;yes;yes;yes;yes;Wu 1996: 16, 21, 22, 25, 27-
Damal;dama1272;V3;no;no dom.;no;yes;yes;yes;Voorhoeve 1975: 410
Damana;mala1522;nd;no;no dom.;no;yes;;yes;Trillos Amaya 1999: 131
Dan;dann1241;V3;yes;SOV;yes;yes;yes;;Creissels 2005, Flik 1978
Dani (Lower Grand Valley);lowe1415;V3;yes;SOV;yes;yes;yes;yes;Bromlie 1981: 84, Comrie 2005
Dargwa;darg1241;V3;yes;SOV;yes;yes;;yes;van den Berg 2005, Comrie 1981: 225-226
Datooga;dato1239;V1;yes;VSO;no;yes;yes;yes;Kiessling 2007
Dâw;daww1239;SVO;yes;SVO;yes;yes;;yes;Martins 2004: 349-351, 498-502, 524, Martins and Martins 1999
Defaka;defa1248;V3;yes;SOV;yes;yes;yes;;Jenewari 1983: 99
Degema;dege1246;SVO;yes;SVO;yes;yes;yes;;Thomas 1978: 86, Kari 2005
Dení;deni1241;V3;yes;SOV;yes;yes;yes;yes;Derbyshire 1986b: 477-478, Aikhenvald and Dixon 1999
Didinga;didi1258;V1;yes;VSO;yes;yes;;yes;Tucker and Bryan 1966: 376
Diegueño (Mesa Grande);kumi1248;V3;yes;SOV;yes;yes;;yes;Langdon 1970: 150-158, Nichols 1992
Dime;dime1235;V3;yes;SOV;yes;yes;yes;yes;Fleming 1990: 519, 521-522, 533, 547-548
Dinka;nort2815;nd;no;no dom.;no;yes;yes;yes;Tucker and Bryan 1966: 425, Andersen 1991: 271-273
Diola-Fogny;jola1263;SVO;yes;SVO;yes;yes;yes;no;Sapir 1965: 23, 24, 30-
Diyari;dier1241;nd;no;no dom.;no;yes;no;yes;Austin 1981
Dizi;dizi1235;V3;yes;SOV;yes;yes;yes;yes;Beachy 2005: 63-69, Nichols 1992
Djingili;djin1251;V3;yes;SOV;yes;yes;;yes;Pensalfini 1997: 271-274, Nichols 1992
Dla (Proper)/Dera;dera1245;V3;yes;SOV;yes;yes;yes;yes;de Sousa 2006
Dogon (Toro Tegu);toro1253;V3;yes;SOV;yes;yes;yes;no;Heath 2015, Heath (no year)
Donno So;donn1239;V3;yes;SOV;yes;yes;yes;yes;Heath 2016: 10-11,166-167
Drehu;dehu1237;SVO;yes;SVO;yes;yes;;yes;Moyse-Faurie 1983: 146-, Comrie 2005
Dulong;drun1238;V3;yes;SOV;yes;yes;;yes;LaPolla 2003b
Dumo;vani1248;V3;yes;SOV;yes;yes;yes;;Ross 1980: 84, 93, 97
Duna;duna1248;V3;yes;SOV;yes;yes;no;yes;Voorhoeve 1975: 396
Dutch;dutc1256;nd;no;no dom.;no;yes;yes;;Donaldson 1997
Dyirbal;dyir1250;nd;no;no dom.;no;yes;;yes;Dixon 1972: 43-44, Nichols 1992
Edolo;edol1239;V3;yes;SOV;yes;yes;no;yes;Gossner 2003: 25-28, 106
Efik;efik1245;SVO;yes;SVO;yes;yes;yes;no;Welmers 1968: 40-44
Ekari;ekar1243;V3;yes;SOV;yes;yes;yes;yes;Voorhoeve 1975: 406-408
Emai;emai1241;SVO;yes;SVO;yes;no;no;no;Schaefer 1987: 13-20
Émérillon;emer1243;V3;yes;SOV;yes;yes;yes;no;Rose 2008:442-444, 452
Enets;enet1250;V3;yes;SOV;yes;yes;;yes;Havas 2008: 5, 6
Engenni;enge1239;SVO;yes;SVO;yes;no;no;no;Thomas 1978: 86, 122, 154-155, 170-
English;stan1293;SVO;yes;SVO;yes;yes;yes;no;Personal knowledge
Epena Pedee;epen1239;V3;yes;SOV;yes;yes;yes;yes;Harms 1994: 9-10, 65, 66, Comrie 2005
Esmeraldeño;atac1235;V1;no;no dom.;no;yes;yes;;Adelaar 2004: 155-159
Estonian;esto1258;SVO;yes;no dom.;yes;yes;yes;yes;Ehala 2006, Hiietam 2005, Tamm 2006
Even;even1260;V3;yes;SOV;yes;yes;;yes;Pakendorf 2007
Evenki;even1259;V3;yes;SOV;yes;yes;yes;yes;Nedjalkov 1997: 147, Comrie 2005
Ewe;ewee1241;SVO;yes;SVO;yes;no;no;no;Schadeberg 1985: 16
Eyak;eyak1241;V3;yes;SOV;yes;yes;yes;;Mithun 2001: 113, 315, Krauss 1970
Fasu;fasu1242;V3;no;no dom.;no;yes;yes;yes;Loeweke and May 1980: 50
Fijian;fiji1243;V1;no;no dom.;no;yes;yes;no;Dixon 1988
Finnish;finn1318;SVO;yes;SVO;yes;yes;yes;yes;Comrie 2005
Folopa/Podopa;folo1238;V3;yes;SOV;yes;yes;no;yes;Anderson, Neil 1989
Fore;fore1270;V3;yes;SOV;yes;yes;yes;yes;Scott 1986: 168
Franco-Provençal;occi1239;SVO;yes;SVO;yes;yes;yes;no;Nagy 2000: 89, 95, 109, 27, 29
French;stan1290;SVO;yes;SVO;yes;yes;yes;no;Personal knowledge
Fula (Cameroonian);adam1253;SVO;yes;SVO;yes;no;no;no;Westermann and Bryan 1970: 28-29, Stennes 1967: 94-97, 101-102, 107-109, 146
Fula (Nigerian);nige1253;SVO;yes;SVO;yes;no;no;no;McIntosh 1984: 53, 72, 205
Fulniô;fuln1247;V3;yes;SOV;yes;no;no;no;Costa 1999: 92, 122, 144-146, 147, 150-1, 166, 325, 329-330
Fur;furr1244;V3;yes;SOV;yes;yes;yes;yes;Tucker and Bryan 1966, Comrie 2005, König 2008a
Futuna-Aniwa;futu1245;SVO;yes;SVO;yes;yes;yes;yes;Doughterty 1983: 42-43, 34-38
Fyem;fyam1238;SVO;yes;SVO;yes;yes;yes;no;Nettle 1998: 24, 25, 29
Gaagudju;gaga1251;;;;;yes;;;Harvey 2002: 231-233, 262
Gaelic (Scots);scot1245;V1;yes;VSO;yes;yes;no;yes;Ramchand 1997: 29-, Lamb 2001: 29, 30, 52, 53, 64, 69
Gahuku;alek1238;V3;yes;SOV;yes;yes;yes;yes;Deibler 1976, Scott 1986: 167
Galo;damu1236;V3;yes;SOV;yes;yes;;yes;Post 2008: 724
Gamo;gamo1244;SVO;yes;SVO;yes;yes;yes;yes;Tucker and Bryan 1966: 559, 560
Garo;garo1247;V3;no;no dom.;no;yes;;yes;Burling 2003: 396, Comrie 2005
Garrwa;gara1269;V1;no;VOS;no;yes;;yes;Mushin 2008, Mushin 2005, Nichols 1992
Gavião;gavi1246;V3;yes;SOV;yes;yes;yes;no;Moore 1984: 50, Rezende Maia, Pereira and Souza de Araújo 1983
Gbaya Kara;nort2775;SVO;yes;SVO;yes;no;no;no;Roulon 1975: 36
Gbeya Bossangoa;gbay1287;SVO;yes;SVO;yes;no;no;no;Samarin 1966: 101-
Georgian;nucl1302;V3;yes;SOV;yes;yes;yes;yes;Harris 1981, Comrie 2005
German;stan1295;nd;no;no dom.;no;yes;yes;yes;Comrie 2005, Dodd, Eckhard-Black, Klapper and Whittle 2003
Ghulfan;ghul1238;V3;yes;SOV;yes;yes;;yes;Dimmendaal 2010: 27-28
Gitksan;gitx1241;V1;yes;VSO;yes;yes;;yes;Hunt 1993: 28, 56, Nichols 1992
Gogodala;gogo1265;V3;yes;SOV;yes;yes;yes;yes;Voorhoeve 1975: 354
Gooniyandi;goon1238;nd;no;no dom.;no;yes;yes;yes;Nichols 1992, McGregor 1990 
Great Andamanese;apuc1241;V3;yes;SOV;yes;yes;yes;yes;Abbi 2006: 36, 37
Grebo;barc1235;SVO;yes;SVO;yes;no;no;no;Innes 1966: 50-51, 54-55, 100-103, Innes 1966
Greek (Modern);mode1248;nd;no;no dom.;no;yes;yes;yes;Comrie 2005, Holton, Mackridge and Philippaki-Warburton 1997
Greenlandic (West);kala1399;V3;yes;SOV;yes;yes;yes;yes;Comrie 2005
Guahibo;guah1255;V3;yes;SOV;yes;yes;yes;;Aikhenvald and Dixon 1999: 375, Mosonyi 2000d
Guanano;guan1269;V3;yes;SOV;yes;yes;yes;yes;Stenzel 2004: 171, 172, 209-212, 228-
Guaraní;para1311;SVO;yes;SVO;yes;yes;yes;yes;Shain 2008, Krivoshein de Canese 1983: 134-135, Comrie 2005
Guató;guat1253;V1;yes;VSO;yes;yes;yes;no;Rodrigues 1999
Gude;gude1246;V1;yes;VSO;yes;yes;;yes;Hoskinson 1983: 106-109
Gumbaynggir;kumb1268;nd;no;no dom.;no;yes;;yes;Eades 1979: 246, 286, 311-312
Gumuz;gumu1244;SVO;yes;SVO;yes;yes;yes;no;Bender 1979: 44, 48-51
Gününa Küne;puel1244;V1;no;no dom.;no;yes;yes;no;Casamiquela 1983: 40, 51, 67, 69, 72, 76, 80
Gurenne;fare1241;SVO;yes;SVO;yes;no;no;no;Niggli and Niggli 2007
Guro;guro1248;V3;yes;SOV;yes;yes;yes;no;Benoist 1968: 50-
Gurung;guru1261;V3;yes;SOV;yes;yes;;yes;Nichols 1992
Gwari;gbag1258;nd;yes;no dom.;yes;yes;yes;no;Hyman and Magaji 1970: 56-57, 92
Hadza;hadz1240;V1;no;no dom.;no;yes;yes;;Obst 1912: 41-42
Haida;haid1248;V3;yes;SOV;yes;yes;yes;no;Enrico 2003: 22, 24, 25, 74
Halkomelem (Island);halk1245;V1;yes;VSO;yes;yes;yes;;Gerdts 1988: 38-43, Galloway 1993, Gerdts and Hukari 2003
Halkomelem (Upriver);halk1245;V1;yes;VSO;no;yes;yes;no;Gerdts 1988: 38-49
Hamtai;hamt1247;V3;yes;SOV;yes;yes;yes;no;Oates and Oates 1968: 26-27, 46
Harari;hara1271;V3;no;no dom.;no;yes;yes;yes;Comrie 1998: 421
Hatam;hata1243;SVO;yes;SVO;yes;yes;yes;no;Reesink 2002b: 4, 29, Donohue 1997
Hausa;haus1257;SVO;yes;SVO;yes;yes;yes;no;Newman 2000
Hdi;hdii1240;V1;yes;VSO;yes;yes;no;yes;Frajzyngier and Shay 2002
Hebrew (Modern);hebr1245;SVO;yes;SVO;yes;yes;yes;yes;Comrie 2005, Coffin and Bolozky 2005
Hindi;hind1269;V3;yes;SOV;yes;yes;yes;yes;Klein 2007, Mohanan 1990: 72-118, Comrie 2005
Hixkaryana;hixk1239;OVS;no;OVS;no;yes;yes;no;Derbyshire 1979
Hmong Njua;huam1250;SVO;yes;SVO;yes;no;no;no;Lyman 1979
Hopi;hopi1249;V3;yes;SOV;yes;yes;yes;yes;Gronemeyer 1996
Hua;yaga1260;V3;yes;SOV;yes;yes;;yes;Haiman 1980: 228, Nichols 1992
Hualapai;hava1248;V3;yes;SOV;yes;yes;yes;yes;Watahomigie, Bender and Yamamoto with Mapatis, Manakaja and Powskey 1982
Huastec;huas1256;SVO;yes;SVO;yes;yes;yes;;Edmonson 1988: 565-574
Huave (San Mateo del Mar);sanm1287;SVO;yes;SVO;yes;yes;yes;;Stairs Kreger and Scharfe de Stairs 1981: 291, 299, 321
Huitoto (Murui);muru1274;V3;yes;SOV;yes;yes;;yes;Burtch 1983: 145, Wise 1999: 320-321
Huli;huli1244;;;;;yes;;yes;Lomas 1988: 185-186, 188-189
Hungarian;hung1274;nd;no;no dom.;no;yes;yes;yes;Rounds 2001, Kiss 2002, Comrie 2005
Hunzib;hunz1247;V3;yes;SOV;yes;yes;yes;yes;van den Berg 2005, Comrie 2005
Hup;hupd1244;V3;yes;SOV;yes;yes;;yes;Epps 2008
Iatmul;iatm1242;V3;yes;SOV;yes;yes;yes;no;Staalsen 1972: 46-48
Iau;iauu1242;V3;no;no dom.;no;yes;no;yes;Bateman 1986: 46
Icelandic;icel1247;SVO;yes;SVO;yes;yes;;yes;Svenonius 2002
Idoma;idom1241;nd;yes;no dom.;yes;yes;no;yes;Abraham 1967
Iduna;idun1242;V3;yes;SOV;yes;yes;yes;;Huckett 1974: 86, 75, 80-
Igbo;nucl1417;SVO;yes;SVO;yes;no;no;no;Comrie 2005,Emenanjo 1978
Igede;iged1239;SVO;yes;SVO;yes;no;no;no;Bergman 1981: 9, 24
Ijo (Kolokuma);izon1238;V3;yes;SOV;yes;no;no;no;Williamson 1965
Ik;ikkk1242;V1;yes;VSO;yes;yes;no;yes;König 2008b, Serzisko 1989
Ika;arhu1242;V3;yes;SOV;yes;yes;yes;yes;Frank 1990
Imonda;imon1245;V3;no;no dom.;no;yes;yes;yes;Seiler 1985: 163-165, Comrie 2005
Inanwatan;suab1238;V3;yes;SOV;yes;yes;yes;no;de Vries 2004: 54, 27, 36, 47-48, 53-54
Indonesian;indo1316;SVO;yes;SVO;yes;yes;yes;no;Sneddon 1996: 160-165
Indonesian (Riau);riau1236;nd;no;no dom.;no;no;no;no;Gil 2008
Ingessana;gaam1241;SVO;yes;SVO;yes;yes;yes;no;Bender 1989, Stirtz 2006
Ingush;ingu1240;V3;yes;SOV;yes;yes;;yes;Nichols 1994b: 95-97, Comrie 2005
Iquito;iqui1243;SVO;yes;SVO;yes;no;no;no;Brown 2004: 4, 24, 47
Iraqw;iraq1241;V3;yes;SOV;yes;yes;yes;yes;Mous 1992: 238-244, Comrie 2005
Irish;iris1253;V1;yes;VSO;yes;no;no;no;Stenson 1981: 35-39
I'saka;kris1246;V3;yes;SOV;yes;yes;yes;;Donohue 2005a
Isirawa;isir1237;V3;yes;SOV;yes;yes;yes;yes;Oguri 1985: 143-144
Italian;ital1282;SVO;yes;SVO;yes;yes;yes;no;Posner 2004
Itelmen;itel1242;V3;yes;SOV;yes;yes;yes;no;Bobaljik and Wurmbrand 2002
Itonama;iton1250;SVO;yes;SVO;yes;yes;yes;no;Crevels 2002: 38-40, 45-46
Iwaidja;iwai1244;SVO;yes;SVO;yes;yes;yes;yes;Evans 1998
Izi;izie1238;SVO;yes;SVO;yes;no;no;no;Meier, Meier and Bendor-Samuel  1975: 140-141, 159, 206, 208, 209, 236-237, 243
Jabutí;djeo1235;V3;yes;SOV;yes;yes;yes;;Aikhenvald and Dixon 1999: 358
Jahai;jeha1242;SVO;yes;SVO;yes;yes;yes;no;Diffloth 1976, Matisoff 2003a
Jakaltek;popt1235;V1;yes;VSO;yes;yes;yes;no;Craig 1977: 102-, 112-
Jamamadi;jama1261;V3;no;no dom.;no;yes;;yes;Campbell 1985a, Dixon 1999: 300
Jaminjung;djam1255;nd;no;no dom.;no;yes;yes;yes;Schultze-Berndt 2000: 52-56, 164-173, Dixon 2002
Jamsay;jams1239;V3;yes;SOV;yes;yes;yes;no;Heath 2008a, McPherson (p.c.), Heath 2009
Japanese;nucl1643;V3;yes;SOV;yes;yes;no;yes;Sadler 2002: 249-253, Nichols 1992
Jaqaru;jaqa1244;nd;no;no dom.;no;yes;yes;yes;Hardman 2000
Jarawa (in Andamans);jara1245;V3;yes;SOV;yes;yes;no;yes;Abbi 2006: 60
Javaé;kara1500;V3;yes;SOV;yes;yes;yes;yes;Rezende Maia 1998: 28, 71-76
Jebero;jebe1250;nd;no;no dom.;no;yes;yes;yes;Bendor-Samuel 1961: 37, Wise 1999
Jingpho;kach1280;V3;yes;SOV;yes;yes;yes;yes;LaPolla 1994, Qingxia and Lon 2003
Jivaro;shua1257;V3;yes;SOV;yes;yes;;yes;Nichols 1992
Jowulu;jowu1238;V3;yes;SOV;yes;no;no;no;Carlson 1993: 24
Ju|'hoan;juho1239;SVO;yes;SVO;yes;yes;no;yes;Dickens 1992: 21-22
Kabardian;kaba1278;V3;yes;SOV;yes;yes;;yes;Colarusso 1992: 51-
Kabyle;kaby1243;V1;yes;VSO;yes;yes;yes;yes;König 2008a: 180-, Kuningas 2008
Kadiwéu;kadi1248;SVO;yes;SVO;yes;yes;yes;;Sandalo 1995: 64-
Kag-Fer-Jiir-Koor-Ror-Us-Zuksun;kagf1238;SVO;yes;SVO;yes;yes;no;yes;Smith 2007
Kagoma;kago1247;SVO;yes;SVO;yes;yes;yes;;Hagen 1988: 141, 169
Kaingang;kain1272;V3;yes;SOV;yes;yes;yes;yes;Henry 1948: 198-199
Kaki Ae;kaki1249;V3;yes;SOV;yes;yes;yes;yes;Clifton 1997: 21
Kalapuya;kala1400;nd;no;no dom.;no;yes;yes;no;Banks 2007: 8, 10, 15, 22
Kalinga (Limos);limo1248;V1;no;no dom.;no;yes;;yes;Ferreirinho 1992: 10-13, 57
Kalkatungu;kalk1246;V3;yes;SOV;yes;yes;yes;yes;Blake 1979: 27
Kalmyk;kalm1243;V3;yes;SOV;yes;yes;yes;yes;Benzing 1985: 32
Kamass;kama1351;V3;yes;SOV;yes;yes;;yes;Havas 2008, Donners 1944: 9, Simoncsics 1998
Kambera;kamb1299;nd;no;no dom.;no;yes;yes;no;Klamer 1998: 60-63
Kamoro;kamo1255;V3;yes;SOV;yes;yes;yes;;Voorhoeve 1975: 371
Kamu;kamu1258;nd;no;no dom.;no;yes;yes;yes;Dixon 2002, Harvey 2003ab
Kamula;kamu1260;V3;yes;SOV;yes;yes;;yes;Routamaa 1994: 75
Kana;khan1278;SVO;yes;SVO;yes;no;no;no;Ikoro 1996
Kanjobal (Western);west2635;V1;no;no dom.;no;yes;yes;;Zavala 1992: 93, 253
Kannada;nucl1305;V3;yes;SOV;yes;yes;yes;yes;Lidz 2006, Sridhar 1990, Comrie 2005
Kanum (Bädi);badi1247;V3;yes;SOV;yes;yes;yes;yes;Boelaars 1950: 113, 38
Kanum (Ngkâlmpw);ngka1235;V3;yes;SOV;yes;yes;yes;yes;Carroll 2017: 70-75, 189-190
Kanuri;cent2050;V3;yes;SOV;yes;yes;;yes;Hutchinson 1985: 214-215, Hutchinson 1981: 214-215, Comrie 2005
Kapampangan;pamp1243;V1;no;no dom.;no;yes;yes;;Kitano 2006
Kara (in Papua New Guinea);kara1486;SVO;yes;SVO;yes;yes;yes;;Dryer 2013: 7, 185-186
Karen (Sgaw);sgaw1245;SVO;yes;SVO;yes;no;no;no;Jones 1961: 18
Karitiâna;kari1311;SVO;yes;SVO;yes;yes;yes;no;Storto 1999: 121, 158
Karkar-Yuri;kark1258;V3;yes;SOV;yes;yes;yes;no;Rigden 1986a: 15, Rigden 1986b
Karó (Arára);karo1305;V3;yes;SOV;yes;no;no;no;Gabos 1999
Karok;karo1304;nd;no;no dom.;no;yes;yes;no;Bright 1957: 133-134
Kasem;kase1253;SVO;yes;SVO;yes;no;no;no;Niggli and Niggli 2008: 51
Kashmiri;kash1277;SVO;yes;SVO;yes;yes;yes;yes;Nichols 2001: 518
Kasong;suoy1242;SVO;yes;SVO;yes;no;no;no;Sunee 2003
Kati (in West Papua, Indonesia);yong1280;V3;yes;SOV;yes;yes;yes;;Voorhoeve 1975: 382
Katla;katl1237;SVO;yes;SVO;yes;yes;yes;no;Tucker and Bryan 1966: 267-268
Kaure;kaur1271;V3;yes;SOV;yes;yes;yes;no;Auri et al. 1991: 108, 109, 113, 115
Kayah Li (Eastern);east2342;SVO;yes;SVO;yes;no;no;no;Solnit 1997: 5-8
Kayardild;kaya1319;nd;no;no dom.;no;yes;no;yes;Evans 2003a, Evans 1995: 97-119, 136-, Comrie 2005
Kei;keii1239;SVO;yes;SVO;yes;yes;yes;;Geurtjens 1921: 30, 35
K'ekchi;kekc1242;V1;no;VOS;no;yes;yes;;Tzul and Cacao 1997: 89
Kemant;qima1242;V3;yes;SOV;yes;yes;;yes;König 2008a: 89, 90, Appleyard 1975
Ke'o;keoo1238;SVO;yes;SVO;yes;no;no;no;Baird 2002: 50, 67-69
Kera;kera1255;SVO;yes;SVO;yes;no;no;no;Ebert 1979: 68-69, 83, 84, 130
Ket;kett1243;V3;yes;SOV;yes;yes;yes;no;Vajda 2004
Kewa;kewa1250;V3;yes;SOV;yes;yes;yes;yes;Franklin 1971: 62-63, Comrie 2005
Khalkha;halh1238;V3;yes;SOV;yes;yes;;yes;Guntsetseng 2008, Comrie 2005
Kham;gama1251;V3;yes;SOV;yes;yes;yes;yes;Watters 2003: 688-689, LaPolla 1994
Khamti;kham1290;SVO;yes;no dom.;yes;yes;no;yes;Morey 2002
Khanty (Eastern);khan1273;V3;yes;SOV;yes;yes;;yes;Filchenko 2007: 322
Khasi;khas1269;SVO;yes;SVO;yes;yes;yes;yes;Nagaraja 1985: 49, 88, Comrie 2005
Khmer;cent1989;SVO;yes;SVO;yes;yes;no;yes;Gorgoniyev 1966: 71, Sakamoto 2005, Ehrman 1972
Khmu';khmu1256;SVO;yes;SVO;yes;no;no;no;Premsrirat 1987
Khoekhoe;nama1264;V3;yes;SOV;yes;yes;no;yes;Hagman 1977, Comrie 2005
Kilivila;kili1267;nd;no;no dom.;no;yes;yes;no;Senft 1986: 30-36, 107-108
Kimaghama;kima1246;V3;yes;SOV;yes;yes;yes;no;Voorhoeve 1975: 365
Kiowa;kiow1266;V3;yes;SOV;yes;yes;yes;no;Watkins 1984: 74-75, 114-117
Kipea;kari1255;V1;no;VOS;no;yes;yes;yes;Larsen 1984
Kiribati;gilb1244;V1;no;VOS;no;yes;yes;no;Groves, Groves and Jacobs 1985
Kirikiri;kiri1256;V3;yes;SOV;yes;yes;;yes;Donohue (p.c.)
Kisi;kiss1245;nd;yes;no dom.;yes;yes;no;yes;Childs 1995: 226
Kiwai;nort2930;V3;yes;SOV;yes;yes;yes;no;Ray 1931: 13-14, 24-
Klamath;klam1254;nd;no;no dom.;no;yes;;yes;Barker 1964: 184, 235, 321-325, Mithun 2001: 448-451
Klao;klao1243;SVO;yes;SVO;yes;no;no;no;Marchese 1986
Koasati;koas1236;V3;yes;SOV;yes;yes;yes;yes;Kimball 1991: 380-, 515-516, Comrie 2005
Kobon;kobo1249;V3;yes;SOV;yes;yes;yes;yes;Davies 1989, Comrie 2005
Koiari;gras1249;V3;yes;SOV;yes;yes;yes;no;Dutton 1996: 18-20, 23-24
Kolami;kola1242;V3;yes;SOV;yes;yes;yes;yes;Krishnamurti 2003
Kolana;wers1238;V3;yes;SOV;yes;yes;;yes;Donohue 2005b: 528, Donohue 2001
Kombai;ndei1235;V3;yes;SOV;yes;yes;yes;no;de Vries 1993
Kombio;komb1272;SVO;yes;SVO;yes;no;no;no;Farr 1992
Komi-Zyrian;komi1268;SVO;yes;SVO;yes;yes;yes;yes;Havas 2008, Hausenberg 1998, Nichols 1992
Komo;komo1258;SVO;yes;SVO;yes;yes;yes;no;Tucker and Bryan 1966: 362-367
Kongo;koon1244;SVO;yes;SVO;yes;yes;yes;no;Bentley 1887: 578, 620, Comrie 2005
Korean;kore1280;V3;yes;SOV;yes;yes;;yes;Kwon & Zribi-Hertz 2008, Comrie 2005
Koreguaje;kore1283;V1;yes;VSO;yes;yes;yes;yes;Cook and Criswell 1993: 47, 48
Korku;kork1243;V3;yes;SOV;yes;yes;yes;yes;Nagaraja 1999
Koromfe;koro1298;SVO;yes;SVO;yes;no;no;no;Rennison 1997: 149-152, 284
Kota;kota1263;V3;yes;SOV;yes;yes;;yes;Krishnamurti 2003: 218, 228, Nichols 1992
Koyra Chiini;koyr1240;SVO;yes;SVO;yes;no;no;no;Heath 1999a
Koyraboro Senni;koyr1242;V3;yes;SOV;yes;yes;no;no;Heath 1999b: 79, 212
Kpelle;libe1247;V3;yes;SOV;yes;yes;yes;no;Westermann 1969: 10, 14
Kposo;ikpo1238;SVO;yes;SVO;yes;yes;yes;;Creissels 2005
Kresh;gbay1288;SVO;yes;SVO;yes;yes;yes;no;Santandrea 1976: 136, 141, 147, 148, 152, 100
Krongo;kron1241;V1;yes;VSO;yes;yes;yes;no;Reh 1983
Kuman;kuma1280;V3;yes;SOV;yes;yes;yes;no;Trefry 1969: 51-
Kuna;bord1248;V3;yes;SOV;yes;yes;yes;;Adelaar 2004: 61-66
Kunama;kuna1268;V3;yes;SOV;yes;yes;yes;yes;Thompson 1983, König 2008a, Comrie 2005
Kunimaipa;kuni1267;V3;yes;SOV;yes;yes;yes;yes;Geary 1977: 23, 74
Kuot;kuot1243;V1;yes;VSO;yes;yes;yes;no;Lindström 2002
Kurdish (Central);nort2641;V3;yes;SOV;yes;yes;yes;yes;Haig 2004
Kusunda;kusu1250;V3;yes;SOV;yes;yes;yes;yes;Watters 2006
Kutenai;kute1249;nd;no;no dom.;no;yes;yes;no;Dryer 1996: 13-15, 23
Kwaio;kwai1243;SVO;yes;SVO;yes;yes;yes;;Keesing 1985: 117-
Kwakw'ala;kwak1269;V1;yes;VSO;yes;yes;yes;yes;Anderson 1992: 18-37
Kwamera;kwam1252;SVO;yes;SVO;yes;yes;yes;no;Lindstrom and Lynch 1994: 7, 9, 10, 20, 21
Kwara'Ae;kwar1239;SVO;yes;SVO;yes;yes;yes;;Ivens 1931: 685, 686, 691
Kwazá;kwaz1243;nd;no;no dom.;no;yes;yes;yes;Aikhenvald and Dixon 1999: 363
Kwerba;nucl1595;V3;yes;SOV;yes;yes;yes;yes;De Vries and De Vries 1997: 4-6, 17-26
Kwoma;kwom1262;V3;yes;SOV;yes;yes;;yes;Kooyers 1974: 31
Kwomtari;nucl1593;V3;yes;SOV;yes;yes;yes;yes;Honsberger et al. 2008: 14, 90-92
Laal;laal1242;SVO;yes;SVO;yes;yes;yes;no;Boyeldieu 1982: 144-145, 150-152, 168-169
Lachi;lach1248;SVO;yes;SVO;yes;no;no;no;Kosaka 2000: 76, 111
Ladakhi;lada1244;V3;yes;SOV;yes;yes;;yes;LaPolla 1994, Koshal 1979: 64-80, Comrie 2005
Lafofa;lafo1243;V3;no;no dom.;no;yes;yes;no;Tucker and Bryan 1966: 279, 287
Lahu;lahu1253;V3;yes;SOV;yes;yes;no;yes;Matisoff 2003b, LaPolla 1994
Lai;haka1240;V3;yes;SOV;yes;yes;yes;yes;Peterson 2003
Lak;lakk1252;V3;no;no dom.;no;yes;yes;yes;van den Berg 2005, Comrie 2005, Friedman 1984
Lakhota;lako1247;V3;yes;SOV;yes;yes;yes;no;Van Valin 1977: 3
Lalo;xish1235;V3;yes;SOV;yes;yes;no;yes;Björverud 1998: 126-127
Lango;lang1324;SVO;yes;SVO;yes;yes;yes;no;Noonan 1992
Lao;laoo1244;SVO;yes;SVO;yes;no;no;no;Enfield 2007
Laragia;lara1258;V3;no;no dom.;no;yes;yes;no;Capell 1984: 65, 80-84
Latvian;latv1249;SVO;yes;SVO;yes;yes;yes;yes;Comrie 2005, Nau 1998: 23-25
Lavukaleve;lavu1241;V3;yes;SOV;yes;yes;yes;no;Terrill 2003
Lele;lele1276;SVO;yes;SVO;yes;no;no;no;Frajzyngier 2001: 100-110
Lepcha;lepc1244;V3;yes;SOV;yes;yes;;yes;Mainwaring 1876: 120, Plaisier 2003, Comrie 2005
Leti;leti1246;SVO;yes;SVO;yes;yes;yes;;van Engelenhoven and Cailoru 2006
Lezgian;lezg1247;V3;yes;SOV;yes;yes;;yes;Haspelmath 1993: 84, Comrie 2005
Ligbi;ligb1244;V3;yes;SOV;yes;yes;no;yes;Persson and Persson 1980: 35-37
Limilngan;nucl1327;nd;no;no dom.;no;yes;yes;;Dixon 2002
Lingala;ling1263;SVO;yes;SVO;yes;yes;yes;no;Meeuwis 1998: 26-27, 39, passim
Lisu;lisu1250;V3;no;no dom.;no;yes;no;yes;LaPolla 1994, Bradley 2003: 226-227
Lithuanian;lith1251;SVO;yes;SVO;yes;yes;yes;yes;Dambriunas, Klimas and Schamlstieg 1972: 30-31
Lokaa;loka1252;SVO;yes;SVO;yes;yes;yes;;Baker 2005
Lolopo;lolo1259;V3;no;no dom.;no;yes;;yes;Gerner 2008
Lugbara;lugb1240;nd;no;no dom.;no;yes;no;yes;Crazzolara 1960: 75
Luiseño;luis1253;nd;no;no dom.;no;yes;;yes;Elliott 1999: 17-20, 25-26, Grune 1997, Nichols 1992
Lunda;lund1266;SVO;yes;SVO;yes;yes;yes;no;Kawasha 2003, Kawasha 2002
Luo;luok1236;SVO;yes;SVO;yes;no;no;no;Stafford 1967: 1-5
Luvale;luva1239;SVO;yes;SVO;yes;yes;yes;no;Horton 1949: 20, 21
Maasai;masa1300;V1;yes;VSO;yes;yes;;yes;Nichols 1992, Lamoureaux 2004, Payne 2004
Maba;maba1277;V3;yes;SOV;yes;yes;yes;yes;König 2008a: 90, 91, 235, Tucker and Bryan 1966: 199, 202
Macedonian;mace1250;SVO;yes;SVO;yes;yes;yes;no;Wahlström 2015
Macuna;macu1260;OVS;no;OVS;no;yes;yes;yes;Smothermon et al. 1995: 31-
Macushi;macu1259;nd;no;no dom.;no;yes;;yes;Abbott 1991: 83
Ma'di;madi1260;nd;no;no dom.;no;yes;yes;no;Tucker and Bryan 1966: 42
Magi;mail1248;V3;yes;SOV;yes;yes;yes;yes;Thompson 1975: 54, 59, Saville 1912
Maidu (Northeast);nort2952;V3;yes;SOV;yes;yes;;yes;Nichols 1992, Shipley 1964: 16, 18, 29-30
Mairasi;nucl1594;V3;yes;SOV;yes;yes;yes;;Peckham 1982
Makah;maka1318;V1;yes;VSO;yes;yes;yes;;Davidson 2002: 109-, 258-, 312
Makasae;maka1316;V3;yes;SOV;yes;yes;no;yes;Huber 2008: 60
Maklew;makl1246;V3;yes;SOV;yes;yes;yes;yes;Boelaars 1950: 20, 23
Makua;makh1264;SVO;yes;SVO;yes;yes;yes;no;van der Wal 2009: 39-86
Malagasy;plat1254;V1;no;VOS;no;yes;yes;yes;Rasolfo 2006: 164-165, Comrie 2005
Malakmalak;mull1237;V3;no;no dom.;no;yes;yes;no;Birk 1976
Malayalam;mala1464;V3;yes;SOV;yes;yes;;yes;Krishnamurti 2003: 227, 426, 432, Andronov 1996
Maleng;male1282;SVO;yes;SVO;yes;no;no;no;Enfield and Diffloth 2009
Mali;mali1284;SVO;yes;SVO;yes;yes;yes;no;Stebbins 2009
Maltese;malt1254;SVO;yes;SVO;yes;yes;yes;;Aquilina 1959, Sutcliffe 1936: 50-51
Mam;mamc1234;V1;yes;VSO;yes;yes;yes;;England 1983
Mamvu;mamv1243;SVO;yes;SVO;yes;yes;yes;no;Vorbichler 1971: 227, 228, 323-
Manadonese;mala1481;SVO;yes;SVO;yes;yes;;yes;Wantalangi 1993
Manam;mana1295;V3;yes;SOV;yes;yes;yes;;Turner 1986
Manchu;manc1252;V3;yes;SOV;yes;yes;;yes;Bossong 1991: 161, Moellendorff 1892
Mandan;mand1446;V3;yes;SOV;yes;yes;yes;;Mixco 1997: 15-, 20, 40
Mandarin;mand1415;SVO;yes;SVO;yes;no;no;no;Li and Thompson 1981
Mandinka;mand1436;V3;yes;SOV;yes;no;no;no;Colley 1995: 29
Mangarrayi;mang1381;OVS;no;OVS;no;yes;yes;yes;Merlan 1989, Fauconnier 2011, Comrie 2005
Mangbetu;mang1394;SVO;yes;SVO;yes;yes;yes;no;Larochette 1958: 24, 69, 123, 81, 83, 84
Maninka (Western);west2500;V3;yes;SOV;yes;no;no;no;Hoover 2000: 11, 12, 17
Mansi;mans1258;V3;yes;SOV;yes;yes;yes;yes;Havas 2008, Comrie 1981: 126
Maori;maor1246;V1;yes;VSO;yes;yes;;yes;Pucilowski 2006: 12, Comrie 2005
Mapudungun;mapu1245;nd;no;no dom.;no;yes;yes;no;Zúñiga 2000: 16, 20-25
Maranungku;mara1386;V3;yes;SOV;yes;yes;yes;no;Tryon 1970: 17-19, 48-49
Mararit;mara1396;V3;yes;SOV;yes;yes;;yes;König 2008a: 90, Tucker and Bryan 1966: 211
Marathi;mara1378;V3;yes;SOV;yes;yes;yes;yes;Joshi 1993, Pandharipande 1997: 283-292, Comrie 2005
Margi;marg1265;SVO;yes;SVO;yes;no;no;no;Hoffmann 1963: 46, 166
Mari (Meadow);east2328;;;;;yes;;yes;Havas 2008
Maricopa;mari1440;V3;yes;SOV;yes;yes;;yes;Gordon 1986, Comrie 2005
Marind;nucl1622;V3;yes;SOV;yes;yes;yes;no;Boelaars 1950: 3
Marrithiyel;mari1424;V3;yes;SOV;yes;yes;yes;yes;Green 1989: 49-53, 74-88
Martuthunira;mart1255;SVO;yes;SVO;yes;yes;;yes;Dench 1994: 63-, Comrie 2005
Masa;masa1322;SVO;yes;SVO;yes;no;no;no;Caitucoli 1986
Masakin;ngil1242;nd;no;no dom.;no;yes;yes;no;Tucker and Bryan 1966: 284
Masalit;nucl1440;V3;yes;SOV;yes;yes;yes;yes;Edgar 1989a: 99-110, 52, 64, König 2008a: 65
Massep;mass1263;V3;yes;SOV;yes;yes;yes;yes;Clouse, Donohue and Ma 2002: 6
Maung;maun1240;SVO;yes;SVO;yes;yes;yes;no;Capell and Hinch 1970
Maxakalí;maxa1247;V3;yes;SOV;yes;yes;yes;yes;Popovich and Popovich 2005: iv, vi
Mayangna;maya1285;V3;yes;SOV;yes;yes;yes;no;Conzemius 1929: 83-, 88, 106, Benedicto & Hale 2000
Maybrat;maib1239;SVO;yes;SVO;yes;yes;yes;no;Dol 1999
Mazatec (Chiquihuitlán);chiq1250;nd;yes;no dom.;yes;yes;yes;;Jamieson 1976, Jamieson Capen 1996
Mazatec (Huautla);huau1238;nd;no;no dom.;no;yes;yes;;Pike 1967
Mbodomo;gbay1281;SVO;yes;SVO;yes;yes;yes;no;Boyd 1997
Mbum;mbum1254;SVO;yes;SVO;yes;no;no;no;Hagège 1970: 90, 296
Meithei;mani1292;V3;no;no dom.;no;yes;no;yes;Chelliah 1997: 107-109, Comrie 2005
Mekens;saki1248;V3;yes;SOV;yes;yes;yes;no;Galucio 2002: 52-54
Mende;mend1266;V3;yes;SOV;yes;yes;yes;no;Innes 1962: 31-33, 122, 131-132
Meryam Mir;meri1244;V3;yes;SOV;yes;yes;yes;yes;Piper 1989: 31, 32, 45, 127, 130
Meyah;meya1236;SVO;yes;SVO;yes;yes;yes;no;Gravelle 2002
Mien;iumi1238;SVO;yes;SVO;yes;no;no;no;Court 1985: 133
Miisiirii;tama1331;V3;no;no dom.;no;yes;yes;yes;Edgar 1989b: 104
Mikir;karb1241;V3;yes;SOV;yes;yes;;yes;LaPolla 1994
Minangkabau;mina1268;nd;no;no dom.;no;no;no;no;Gil 2008
Miskito;misk1235;V3;yes;SOV;yes;yes;yes;no;Conzemius 1929: 83-, 88, 106
Miwok (Southern Sierra);sout2985;nd;no;no dom.;no;yes;yes;yes;Broadbent 1964: 49-54, Comrie 2005
Mixe (Isthmus);isth1238;V3;yes;SOV;yes;yes;yes;;Dieterman 1995: 10
Mixtec (Alacatlatzala);alac1244;V1;yes;VSO;yes;no;no;no;Zylstra 1991
Mixtec (Chalcatongo);sanm1295;V1;yes;VSO;yes;yes;yes;no;Macaulauy 1996: 73-74, 139-140
Mixtec (Diuxi-Tilantongo);diux1235;V1;yes;VSO;yes;yes;yes;;Kuiper and Oram 1991: 238
Mixtec (Jamiltepec);jami1235;V1;yes;VSO;yes;yes;yes;yes;Johnson 1988: 21, 49
Mixtec (Jicaltepec);pino1237;V1;yes;VSO;yes;yes;yes;no;Bradley 1970: 65, 66
Mixtec (Ocotepec);ocot1243;V1;yes;VSO;yes;no;no;no;Alexander 1988
Mixtec (Silacayoapan);sila1250;V1;yes;VSO;yes;no;no;no;Shields 1988
Mixtec (Yosondúa);yoso1239;V1;yes;VSO;yes;yes;yes;;Farris 1992: 54-
Miya;miya1266;nd;no;no dom.;no;yes;no;yes;Schuh 1998: 281-282
Mlabri (Minor);mlab1235;SVO;yes;SVO;yes;no;no;no;Rischel 1995: 135
Mochica;moch1259;SVO;yes;SVO;yes;yes;yes;no;Adelaar 2004: 321-, 348
Mohawk;moha1258;nd;no;no dom.;no;yes;yes;no;Mithun 1998, Bonvillain 1973: 91, 135
Molala;mola1238;SVO;yes;SVO;yes;yes;yes;yes;Pharris 2006: 197-201, 284-
Mombum;nucl1452;V3;yes;SOV;yes;yes;yes;yes;Boelaars 1950: 30, 32
Momu;fass1245;V3;yes;SOV;yes;yes;yes;yes;Blake 2007
Mon;monn1252;SVO;yes;SVO;yes;no;no;no;Bauer 1982: 301, 367-368, 478-480
Moni;moni1261;V3;yes;SOV;yes;yes;yes;yes;Larson and Larson 1958, Voorhoeve 1975: 409
Mordvin (Erzya);erzy1239;SVO;yes;SVO;yes;yes;;yes;Rueter 2010
Moro;moro1285;SVO;yes;SVO;yes;yes;yes;;Black and Black 1971: 9, 10
Mosetén;mose1249;SVO;yes;SVO;yes;yes;yes;no;Sakel 2003: 51, 146-147, 295-296
Movima;movi1243;V3;no;no dom.;no;yes;yes;no;Haude 2006: 258, 277-
Mpur;mpur1239;SVO;yes;SVO;yes;yes;yes;no;Reesink 2002b: 4, 29
Mufian;mufi1238;SVO;yes;SVO;yes;yes;yes;no;Alungum and Lukas 1978: 110-111, passim
Mugil;barg1252;V3;yes;SOV;yes;yes;yes;no;Hepner 2006: 101-
Muinane;muin1242;V3;no;OSV;no;yes;yes;yes;Minor and Minor 1971: 47, 134-145, Minor and Loos 1963
Muisca;chib1270;V3;yes;SOV;yes;yes;yes;;Adelaar 2004
Mulao;mula1253;SVO;yes;SVO;yes;no;no;no;Jung and Zheng 1993
Mumuye;nucl1240;SVO;yes;SVO;yes;no;no;no;Shimizu 1983: 57, 101, 121, 123
Mundari;mund1320;V3;yes;SOV;yes;yes;yes;no;Osada 1992
Mundurukú;mund1330;V3;yes;SOV;yes;yes;yes;;Crofts 1973: 47, 48, 91-93
Murle;murl1244;V1;yes;VSO;yes;yes;yes;yes;Arensen 1982: 48-52, Comrie 2005
Murrinh-Patha;murr1258;V3;yes;SOV;yes;yes;yes;yes;Walsh 1976: 163, 164, 205-208, 279-280
Mursi;murs1242;SVO;yes;SVO;yes;yes;yes;yes;Turton and Bender 1976: 540-548, 554
Musey;muse1242;SVO;yes;SVO;yes;no;no;no;Platiel 1968: 48, 59
Musom;muso1238;SVO;yes;SVO;yes;yes;yes;no;Holzknecht 1997: 85-86
Mutsun;sout2986;SVO;yes;SVO;yes;yes;yes;yes;Okrand 1977: 144-145, 150-152, 171-172
Nadëb;nade1244;V3;no;OSV;no;yes;yes;no;Martins and Martins 1999: 263
Nagatman;yale1246;V3;yes;SOV;yes;yes;yes;yes;Campbell and Campbell 1987: 12, 37-50
Nahali;niha1238;V3;yes;SOV;yes;yes;no;yes;Kuiper 1962: 258-261, Nichols 1992
Nahuatl (Huasteca);huas1257;V1;yes;VSO;yes;yes;yes;;Beller and Beller 1979: 206
Nahuatl (Michoacán);mich1245;SVO;yes;SVO;yes;yes;yes;;Sischo 1979: 313-314
Nahuatl (North Puebla);nort2957;SVO;yes;SVO;yes;yes;yes;;Brockway 1979: 146, 180
Nahuatl (Tetelcingo);tete1251;SVO;yes;SVO;yes;yes;yes;no;Comrie 2005, Pittman 1954: 6-7, 44
Nambikuára;sout2994;V3;yes;SOV;yes;yes;yes;no;Kroeker 2001: 80
Namia;nami1256;V3;yes;SOV;yes;yes;yes;yes;Tupper 2009, Feldpausch and Feldpausch 1992: 10, 39, 85
Nanai;nana1257;V3;no;no dom.;no;yes;;yes;Nichols 1992
Nara (in Ethiopia);nara1262;V3;yes;SOV;yes;yes;yes;yes;Tucker and Bryan 1966: 329-335, Reinisch 1874
Nasioi;naas1242;V3;yes;SOV;yes;yes;yes;yes;Hurd and Hurd 1966, Nichols 1992
Natchez;natc1249;V3;yes;SOV;yes;yes;yes;no;Brinton 1873: 492, 493
Navajo;nava1243;V3;yes;SOV;yes;yes;yes;no;Comrie 2005, Faltz 1998
Naxi;naxi1245;V3;yes;SOV;yes;yes;;yes;LaPolla 1994: 64-65, Dryer 2008
Ndebele (in South Africa);sout2808;SVO;yes;SVO;yes;yes;yes;no;Bower and Lotridge 2002: 21
Ndjébbana;djee1236;nd;no;no dom.;no;yes;yes;;Dixon 2002, McKay 1995
Ndogo;ndog1248;SVO;yes;SVO;yes;no;no;no;Santandrea 1961: 47, 20
Nend;nend1239;V3;yes;SOV;yes;yes;yes;yes;Harris 1990: 92-93, passim
Nenets;nene1249;V3;yes;SOV;yes;yes;yes;yes;Havas 2008, Comrie 2005
Nepali;nepa1254;V3;yes;SOV;yes;yes;yes;yes;Li 2007, Bickel (to appear)
Newari (Kathmandu);newa1246;V3;yes;SOV;yes;yes;no;yes;Hargreaves 2003
Nez Perce;nezp1238;nd;no;no dom.;no;yes;;yes;Rude 1985: 82-96, Comrie 2005
Ngaanyatjarra/Western Desert (Ooldea);ngaa1240;V3;no;no dom.;no;yes;;yes;Nichols 1992
Ngäbere;ngab1239;V3;yes;SOV;yes;yes;no;yes;Alphonse 1956: 3, 7, 25-30
Ngad'a;ngad1261;SVO;yes;SVO;yes;yes;;yes;Arndt 1933: 9
Ngalakan;ngal1293;nd;no;no dom.;no;yes;yes;yes;Merlan 1983: 40-43, Dixon 2002: 165, 439
Ngandi;ngan1295;nd;no;no dom.;no;yes;yes;yes;Dixon 2002: 419, Heath 1985: 93-94
Ngangam;ngan1299;SVO;yes;SVO;yes;no;no;no;Higdon 2001: 11
Ngan'gityemerri;nang1259;nd;no;no dom.;no;yes;yes;;Dixon 2002, Reid 1997
Ngarla;ngar1286;nd;no;no dom.;no;yes;no;yes;Westerlund 2007: 29-30, 54-61
Ngbaka (Minagende);ngba1285;SVO;yes;SVO;yes;no;no;no;Thomas 1963: 77, 89, 219, 222
Ngiti;ngit1239;nd;no;no dom.;no;yes;yes;no;Kutsch Lojenga 1994
Nhanda;nhan1238;nd;no;no dom.;no;yes;;yes;Blevins 2001
Nhengatu;nhen1239;SVO;yes;SVO;yes;yes;yes;;Mosonyi et al 2000e: 464
Nias;nias1242;V1;no;VOS;no;yes;yes;yes;Brown 2001: 7, 11
Nicobarese (Car);carn1240;V1;no;VOS;no;yes;yes;no;Braine 1970
Nii;niii1240;V3;yes;SOV;yes;yes;yes;;Stucky & Stucky 1976: 86
Nimboran;nucl1633;V3;yes;SOV;yes;yes;yes;no;Anceaux 1965: 56-57, 102-107, May 1997: 41, 44, 60, 77-78
Nivkh;gily1242;V3;yes;SOV;yes;yes;yes;yes;Gruzdeva 1998
Nkore-Kiga;chig1238;SVO;yes;SVO;yes;yes;yes;no;Taylor 1985: 91
Nobiin;nobi1240;V3;yes;SOV;yes;yes;;yes;König 2008a: 90
Nomad;samo1303;V3;yes;SOV;yes;yes;yes;yes;Shaw 1973
Nomatsiguenga;noma1263;V1;yes;VSO;no;yes;yes;;Shaver 1996: 26, 29
Northern Gyalrong;jiar1240;V3;no;no dom.;no;yes;;yes;Sun 2003a: 493
Norwegian;norw1259;SVO;yes;SVO;yes;no;no;no;Øvrelid 2004: 1
Nubian (Dongolese);kenu1236;V3;yes;SOV;yes;yes;yes;yes;Armbruster 1960
Nung (in Vietnam);nung1283;SVO;yes;SVO;yes;no;no;no;Saul 1980: 20
Nunggubuyu;nung1290;nd;no;no dom.;no;yes;yes;no;Heath 1984: 347-
Nupe;nupe1254;SVO;yes;SVO;yes;no;no;no;Banfield & MacIntyre 1915
Nuuchahnulth;noot1239;V1;no;no dom.;no;yes;yes;no;Nakayama 2001, Davidson 2002
Nyigina;nyig1240;nd;no;no dom.;no;yes;;yes;Nichols 1992
Nyimang;amas1236;V3;yes;SOV;yes;yes;yes;yes;König 2008a: 90, Tucker and Bryan 1966: 247-250
Obolo;obol1243;SVO;yes;SVO;yes;yes;yes;no;Faraclas 1984: 1, 12
Ocuilteco;atzi1235;SVO;yes;SVO;yes;yes;yes;;Muntzel 1986: 136
Ogbronuagum;ogbr1243;SVO;yes;SVO;yes;yes;yes;no;Kari 2000: 45, 46
Oksapmin;oksa1245;V3;yes;SOV;yes;yes;yes;;Lawrence 1972: 20, 21, 23, 45, Loughnane 2009
Olo;oloo1241;SVO;yes;SVO;yes;yes;yes;;MacGregor and MacGregor 1982: 26, 33-37, 39-40, Staley 2007
Olutec;olut1240;SVO;yes;SVO;yes;yes;yes;;Zavala 2000: 17-21
One;molm1235;SVO;yes;SVO;yes;yes;yes;no;Donohue 2000
Oneida;onei1249;nd;no;no dom.;no;yes;yes;;Abbott 2000: 20-31
Onge;onge1236;V3;yes;SOV;yes;yes;no;yes;Abbi 2006: 79, 88
O'odham;toho1245;nd;no;no dom.;no;yes;yes;no;Saxton 1982: 109, 127
Orig;tega1236;V3;yes;SOV;yes;yes;yes;no;Schadeberg and Elias 1979: 49-52, 55, 59
Oroha;oroh1237;SVO;yes;SVO;yes;yes;yes;;Ivens 1927: 594, 604
Orok;orok1265;V3;no;no dom.;no;yes;yes;yes;Comrie 1981: 89, Piłsudski 1987: 29
Oromo (Harar);east2652;V3;yes;SOV;yes;yes;yes;yes;Owens 1985: 98-102, Comrie 2005
Orya;orya1242;V3;yes;SOV;yes;yes;yes;yes;Fields 1997: 238-246
Osage;osag1243;V3;yes;SOV;yes;yes;yes;yes;Quintero 2005
Ossetic;osse1243;V3;yes;SOV;yes;yes;;yes;Comrie 1981: 171-172, Abaev 1964: 17-18
Otomí (Mezquital);mezq1235;V1;no;VOS;no;yes;yes;no;Hess 1968: 78
Paamese;paam1238;SVO;yes;SVO;yes;yes;yes;no;Comrie 2005, Crowley 1982: 129-132
Pacoh;paco1243;SVO;yes;SVO;yes;no;no;no;Alves 2000: 141, 313-315
Páez;paez1247;V3;yes;SOV;yes;yes;yes;yes;Slocum 1986: 10, 57, 60, 121, Rojas Curieux 1991: 26-27
Paipai;paip1241;;;;;yes;;yes;Joël 1976: 142-148
Paita;dumb1241;SVO;yes;SVO;yes;yes;yes;no;Paita and Shintani 1990: 58-60, 67
Paiute (Northern);nort2954;V3;yes;SOV;yes;yes;;yes;Thornes 2003: 267-268, Snapp and Anderson 1982: 10
Paiwan;paiw1248;V1;no;no dom.;no;yes;yes;yes;Li 2006a, Huang and Sung 2006, Tang 2006
Palauan;pala1344;SVO;yes;SVO;yes;yes;yes;yes;Woolford 1995, Georgopoulos 1991: 24-29, Smith 2006
Palikur;pali1279;SVO;yes;SVO;yes;no;no;no;Launey 2001-2
Panjabi;panj1256;V3;yes;SOV;yes;yes;yes;yes;Masica 1991: 263-264, Bhatia 1993: 172
Parecis;pare1272;nd;no;no dom.;no;yes;yes;;Derbyshire 1986a: 484-486, Rowan and Burgess 1979: 17-18, 31-35
Päri;pari1256;OVS;no;OVS;no;yes;yes;yes;Andersen 1988 (quoted in McGregor 2009), McGregor 2009
Passamaquoddy-Maliseet;male1292;nd;no;no dom.;no;yes;yes;;Sherwood 1983: 83-
Patep;pate1247;SVO;yes;SVO;yes;no;no;no;Lauck 1976
Paumarí;paum1247;nd;no;no dom.;no;yes;yes;yes;Dixon 1999, Chapman 1981, Comrie 2005
Pawaian;pawa1255;V3;yes;SOV;yes;yes;yes;no;Trefry 1969: 51-
Pech;pech1241;V3;yes;SOV;yes;yes;yes;yes;Humnick 1991: 48-50, Holt 1999a
Pele-Ata/Ata;pele1245;SVO;yes;SVO;yes;yes;yes;;Donohue 2005b: 529, Hashimoto 2008: 8, 26
Persian;west2369;V3;yes;SOV;yes;yes;yes;yes;Lazard 1992: 183, Comrie 2005
Phake;phak1238;SVO;yes;SVO;yes;yes;;yes;Morey 2006: 334-335
Piaroa;piar1243;V3;no;no dom.;no;yes;yes;;Krute 1989: 96-, 209, 320
Pileni;pile1238;SVO;yes;SVO;yes;yes;yes;yes;Næss 2000: 16, Ray 1920
Pima Bajo;pima1248;V3;yes;SOV;yes;yes;no;yes;Fernández 1996: 7, 9, 19, Fernández 1991
Pipil;pipi1250;nd;no;no dom.;no;yes;yes;no;Campbell 1985b: 55, 102-103
Pirahã;pira1253;V3;yes;SOV;yes;yes;yes;no;Everett 1986: 202
Piro;yine1238;V3;yes;SOV;yes;yes;yes;no;Hanson 2010: 8, 253, 259-261
Pitjantjatjara;pitj1243;V3;yes;SOV;yes;yes;;yes;Bowe 1990: 9-10, Comrie 2005
Pitta Pitta;pitt1247;nd;no;no dom.;no;yes;;yes;Blake 1979
Pnar;pnar1238;V1;yes;VSO;no;yes;;yes;Ring 2015: 23, 125-130, 209-210
Polish;poli1260;SVO;yes;SVO;yes;yes;;yes;Bielec 1998: 103, Swan 2003
Pomo (Eastern);east2545;V3;yes;SOV;yes;yes;;yes;McLendon 1975: 178, 179, 156-157, Nichols 1992
Pomo (Northern);nort2966;V3;no;no dom.;no;yes;;yes;O'Connor 1987: 11, 155-156
Pomo (Southeastern);sout2982;V3;yes;SOV;yes;yes;no;yes;Moshinsky 1974: 94, 118, Comrie 2005
Puinave;puin1248;nd;no;no dom.;no;yes;yes;yes;Girón 2008: 196, 343
Pungupungu;wadj1254;V3;yes;SOV;yes;yes;yes;;Dixon 2002, Tryon 1980: 279-281
Puquina;puqu1242;V3;no;no dom.;no;yes;yes;yes;Adelaar 2004: 350-362, Torero 2002
Purépecha;pure1242;SVO;yes;SVO;yes;yes;yes;yes;Foster 1965: 107-108, Nichols 1992
Puyuma;puyu1239;V1;no;no dom.;no;yes;;yes;Cauquelin 1991: 42-45, Ross and Teng 2005
Qawasqar;qawa1238;V3;no;no dom.;no;yes;yes;no;Aquilera Faúndez and Tonko Paterito 2002
Qiang;qian1264;V3;yes;SOV;yes;yes;yes;yes;LaPolla 2003a
Quechua (Huallaga);huam1248;V3;yes;SOV;yes;yes;;yes;Weber 1983: 162-167, Bossong 1989, Nichols 1992
Quechua (Imbabura);imba1240;V3;yes;SOV;yes;yes;yes;yes;Cole 1985, Comrie 2005
Quileute;quil1240;V1;yes;VSO;yes;yes;;yes;Andrade 1933: 246-251, Nichols 1992
Rajbanshi;rajb1243;V3;yes;SOV;yes;yes;yes;yes;Wilde 2008: 110
Rama;rama1270;V3;yes;SOV;yes;yes;yes;yes;Grinevald 1990: 34, 82, 103-, 116, 117, 102, 143, 151
Rao;raoo1244;V3;yes;SOV;yes;yes;yes;no;Stanhope 1980: 11
Rapanui;rapa1244;V1;yes;VSO;yes;yes;;yes;Du Feu 1996: 113-
Rawa;rawa1267;V3;yes;SOV;yes;yes;yes;yes;Claassen and McElchanon 1970: 69-71, Toland and Toland 1991: 18, 21, 24, 28, 62
Rembarnga;remb1249;V3;yes;SOV;yes;yes;yes;;Dixon 2002: 204-205
Resígaro;resi1247;V3;yes;SOV;yes;no;no;no;Allin 1976: 99-100, 131, 209-210, 220, 222, 235, 290-291
Rikbaktsa;rikb1245;V3;yes;SOV;yes;yes;yes;;Boswood 1974a: 1, 4, Boswood 1974b
Rotokas;roto1249;V3;yes;SOV;yes;yes;yes;no;Firchow 1987
Rukai (Tanan);ruka1240;V1;no;VOS;no;yes;;yes;Chen 2005, Chen 2008: 38-66
Rumu;rumu1243;V3;yes;SOV;yes;yes;no;yes;Petterson 1999: 16
Russian;russ1263;SVO;yes;SVO;yes;yes;yes;yes;Timberlake 2004, Comrie 2005
Saami (Central-South);sout2674;;;;;yes;;yes;Havas 2008: 4-6
Saami (Skolt);skol1241;V3;yes;SOV;yes;yes;yes;yes;Feist 2011: 119-120, 230-233
Sabanê;saba1268;V3;yes;SOV;yes;yes;no;yes;de Araujo 2004: 92, 128-, 182
Sahaptin (Northern);nort1527;V1;yes;VSO;yes;yes;;yes;Nichols 1992
Sahu;sahu1245;SVO;yes;SVO;yes;yes;yes;no;Visser and Voorhoeve 1987: 27-29, 55
Sáliba (in Colombia);sali1298;V3;no;no dom.;no;yes;yes;yes;Suarez 1977: 20, 27, Estrada Ramírez 1996: 46
Salinan;sali1253;SVO;yes;SVO;yes;yes;yes;no;Mithun 2001: 482-484, Mason 1918: 46-47, 60
Sandawe;sand1273;V3;yes;SOV;yes;yes;yes;yes;Eaton 2003
Sango;sang1328;SVO;yes;SVO;yes;yes;yes;no;Thornell 1997: 73
Santali;sant1410;V3;yes;SOV;yes;yes;yes;no;Ghosh 2008: 11-12, 34
Sanuma;sanu1240;V3;yes;SOV;yes;yes;yes;yes;Aikhenvald and Dixon 1999: 347
Sapuan;sapu1248;SVO;yes;SVO;yes;no;no;no;Jacq and Sidwell 1999: 26
Sardinian;camp1261;SVO;yes;SVO;yes;yes;;yes;Mardale 2008
Savosavo;savo1255;V3;yes;SOV;yes;yes;yes;yes;Dunn et al. 2002: 54-55, Todd 1975
Saweru;sawe1240;V3;yes;SOV;yes;yes;yes;yes;Donohue 2001, Donohue 2005b: 534
Seediq;taro1264;V1;no;VOS;no;yes;yes;yes;Huang 2002, Tang 2005, Tsukida 2005
Seim/Mende (Papua New Guinea);mend1268;V3;yes;SOV;yes;yes;yes;yes;Hoel, Ikäheimonen and Nozawa 1994-2003
Seimat;seim1238;SVO;yes;SVO;yes;no;no;no;Wozna and Wilson 2005
Selknam;onaa1245;OVS;no;OVS;no;yes;yes;no;Adelaar 2004: 563-564
Selkup;selk1253;V3;yes;SOV;yes;yes;yes;yes;Havas  2008, Comrie 1981: 139, Koptjevskaja-Tamm 1993: 110-111
Semelai;seme1247;nd;no;no dom.;no;yes;yes;yes;Kruspe 1999, Comrie 2005
Sénoufo (Sìcìté);sici1249;V3;yes;SOV;yes;no;no;no;Garber 1987
Sentani;nucl1632;V3;yes;SOV;yes;yes;yes;yes;Cowan 1965: 59-60, Nichols 1992
Seri;seri1257;V3;yes;SOV;yes;yes;yes;no;Marlett 1981: 31, 39-40, 89-90, 136
Shabo;shab1252;V3;yes;SOV;yes;yes;yes;yes;Teferra 1991: 382-382
Shasta;shas1239;nd;no;no dom.;no;yes;yes;no;Silver 1966: 100-103, 125-131, 181
Shatt;shat1244;SVO;yes;SVO;yes;yes;yes;no;Tucker and Bryan 1966: 236, 240
Shipibo-Konibo;ship1254;V3;yes;SOV;yes;yes;yes;yes;Comrie 2005
Shuswap;shus1248;V1;no;no dom.;no;yes;yes;;Gardiner and Saunders 1991
Siar;siar1238;SVO;yes;SVO;yes;yes;yes;no;Rowe 2005
Sichuan Yi;sich1238;V3;no;no dom.;no;yes;;yes;Gerner 2004
Sila;dars1235;V3;yes;SOV;yes;yes;yes;no;Tucker and Bryan 1966: 236, 240
Sipacapense;sipa1247;V1;yes;VSO;yes;yes;yes;;Barrett 1999: 73-81, 217
Siroi;siro1249;V3;yes;SOV;yes;yes;yes;no;Wells 1979: 27-29, 67-68
Situ;situ1238;V3;no;no dom.;no;yes;yes;yes;Nagano 2003: 488, Anderson 1992: 100
Siuslaw;sius1254;nd;no;no dom.;no;yes;;yes;Frachtenberg 1914, Nichols 1992
Skou;nucl1634;V3;yes;SOV;yes;yes;yes;yes;Donohue 2005a
Slave;slav1253;V3;yes;SOV;yes;yes;yes;no;Rice 1989
So;sooo1256;V1;yes;VSO;yes;no;no;no;Carlin 1993
Sô;sooo1254;SVO;yes;SVO;yes;no;no;no;Migliazza 2003
Somali;soma1255;V3;yes;SOV;yes;yes;yes;yes;Saeed 1999
Soninke;soni1259;V3;yes;SOV;yes;yes;no;yes;Heath 2007
Sougb;mani1235;SVO;yes;SVO;yes;yes;yes;no;Reesink 2002a: 203
Spanish;stan1288;SVO;yes;SVO;yes;yes;yes;yes;von Heusinger 2008, Leonetti 2004, Comrie 2005
Squamish;squa1248;V1;yes;VSO;yes;yes;yes;no;Kuipers 1967: 85-90, 169-174
Sre;koho1244;SVO;yes;SVO;yes;no;no;no;Manley 1972: 60-63, 64-65
Stieng;stie1250;SVO;yes;SVO;yes;no;no;no;Miller 1976: 10-11, 30
Suena;suen1241;V3;yes;SOV;yes;yes;yes;yes;Wilson 1974: 25-29, 78, Comrie 2005
Suki;suki1245;V3;yes;SOV;yes;yes;yes;yes;Voorhoeve 1975: 351-352
Sulka;sulk1246;SVO;yes;SVO;yes;yes;yes;no;Tharp 1996: 91, 136
Sundanese;sund1252;SVO;yes;SVO;yes;yes;yes;no;Müller-Gotama 2001: 22, Hanafi 2001
Supyire;supy1237;V3;yes;SOV;yes;no;no;no;Carlson 1994
Susu;susu1250;V3;yes;SOV;yes;no;no;no;Toure 1994: 248-250
Swahili;swah1253;SVO;yes;SVO;yes;yes;yes;no;Thompson and Schleicher 2001: 147, 245-247
Swedish;swed1254;SVO;yes;SVO;yes;no;no;no;Personal knowledge
Taba;east2440;SVO;yes;SVO;yes;yes;yes;no;Comrie 2005
Tabla;tabl1243;V3;yes;SOV;yes;yes;yes;yes;Collier and Gregerson 1985: 155, 160-162, 165-166
Tadaksahak;tada1238;SVO;yes;SVO;yes;yes;yes;;Christiansen-Bolli 2010
Tagabawa;taga1272;V1;yes;VSO;yes;yes;yes;yes;DuBois and DuBois 2005: 185, 196-198
Tagalog;taga1270;V1;no;no dom.;no;yes;yes;yes;Kroeger 1991, Saclot 2006, Bickel and Nichols 2009
Taiap;taia1239;V3;yes;SOV;yes;yes;yes;yes;Kulik and Stroud 1992: 206-207, 222 
Takelma;take1257;V3;yes;SOV;yes;yes;yes;no;Sapir 1990 [1909]: 183-185
Tama;tama1331;V3;yes;SOV;yes;yes;;yes;Tucker and Bryan 1966: 211
Tanacross;tana1290;V3;no;no dom.;no;yes;yes;;Holton 2000: 204, 245, 248, 278
Tapiete;tapi1253;V3;yes;SOV;yes;yes;yes;no;González 2005: 134
Tarahumara (Central);cent2131;V3;yes;SOV;yes;yes;yes;yes;Cohen 1998: 142-150, 183-185
Tarahumara (Western);lowl1265;V3;yes;SOV;yes;yes;yes;no;Burgess 1984: 10, 12, 53, 100, 101
Tariana;tari1256;V3;yes;SOV;yes;yes;yes;yes;Aikhenvald 2003: 139- 147
Tatar;tata1255;V3;yes;SOV;yes;yes;;yes;Comrie 1981: 79, Poppe 1968: 35-36, 122
Taulil;taul1251;SVO;yes;SVO;yes;yes;yes;;Terrill 2002: 70, Laufer 1950: 637
Taushiro;taus1253;V1;yes;VSO;yes;yes;yes;;Alicea 1975: 16, 17, 94-99
Tauya;tauy1241;V3;yes;SOV;yes;yes;yes;yes;MacDonald 1990: 4
Tawala;tawa1275;V3;yes;SOV;yes;yes;yes;;Ezard 1984: 59, 65-57
Tboli;tbol1240;V1;yes;VSO;yes;yes;yes;yes;Forsberg 1992: 65-71, 83
Tehit;tehi1237;SVO;yes;SVO;yes;yes;yes;;Hesse 2000, Reesink 2002b: 4
Telefol;tele1256;V3;yes;SOV;yes;yes;yes;no;Healey 1965: 10-13, 19
Telugu;telu1262;V3;yes;SOV;yes;yes;yes;yes;Krishnamurti 2003: 427
Temein;nucl1339;SVO;yes;SVO;yes;yes;yes;no;Tucker and Bryan 1966: 260
Temiar;temi1246;SVO;yes;SVO;yes;yes;;yes;Benjamin 1976: 36, Nichols 1992
Tepehua (Tlachichilco);tlac1235;nd;no;no dom.;no;yes;yes;no;Watters 1988, Watters 1985: 21
Tepehuan (Southeastern);sout2976;V1;no;no dom.;no;yes;yes;;Willet 1991: 189-199
Teribe;teri1250;V3;yes;SOV;yes;no;no;no;Quesada 2000b: passim
Ternate;tern1247;SVO;yes;SVO;yes;yes;yes;no;Hayami-Allen 2001: 16, 156-157
Tetun;tetu1245;SVO;yes;SVO;yes;yes;yes;no;van Klinken 1999: 170, 172-175, 177-178
Thai;thai1261;SVO;yes;SVO;yes;no;no;no;Iwasaki and Ingkaphirom 2005
Thulung;thul1246;V3;yes;SOV;yes;yes;;yes;Lahaussois 2003
Ticuna;ticu1245;nd;no;no dom.;no;yes;yes;;Anderson 1962: 33, 362-364
Tigré;tigr1270;V3;yes;SOV;yes;yes;yes;yes;Elias 2005, Raz 1983, Tucker and Bryan 1966: 601, 609
Tigrinya;tigr1271;V3;yes;SOV;yes;yes;yes;yes;König 2008a: 90, Kogan 1997: 432-433, Tucker and Bryan 1966: 601, 609
Tímbira (Apanjekra);apan1243;V3;yes;SOV;yes;yes;;yes;Rodrigues 1999
Timucua;timu1245;V3;yes;SOV;yes;yes;yes;;Granberry 1993: 83-85
Tinrin;tiri1258;nd;no;no dom.;no;yes;yes;;Osumi 1995: 79, Siewierska 2005
Tiriyo;trio1238;OVS;no;OVS;no;yes;yes;;Meira 1999: 132-141, 279-318, 582
Tiwa (Northern);nort1550;nd;no;no dom.;no;yes;yes;no;Nichols 2001: 521
Tiwi;tiwi1244;SVO;yes;SVO;yes;yes;yes;no;Osborne 1974: 38-41
Tlapanec;acat1239;V1;yes;VSO;yes;yes;yes;;Suárez 1983
Tlingit;tlin1245;V3;yes;SOV;yes;yes;yes;no;Naish 1979
Toba;toba1269;nd;no;no dom.;no;yes;yes;;Klein 2001: 40, 22, 30, 37
Tobati;toba1266;V3;no;OSV;no;yes;yes;yes;Donohue 2002: 186, 191
Tobelo;tobe1252;V3;yes;SOV;yes;yes;yes;;Holton 2006
Tokelauan;toke1240;V1;no;no dom.;no;yes;;yes;Hooper 1996: 6
Tol;toll1241;V3;yes;SOV;yes;yes;yes;yes;Holt 1999b: 18-25, 36
Tolai;kuan1248;SVO;yes;SVO;yes;yes;yes;;Franklin, Kerr, and Beaumont 1974: 23, 125, 127
Tommo So;tomm1242;V3;yes;SOV;yes;yes;;yes;McPherson 2013, Culy 1995: 47-54
Tongan;tong1325;V1;no;no dom.;no;yes;;yes;Otsuka 2000: 50
Tonkawa;tonk1249;V3;no;no dom.;no;yes;;yes;Hoijer 1933: 113-114, Nichols 1992
Toqabaqita;toab1237;SVO;yes;SVO;yes;yes;yes;;Lichtenberk 2008: 43-44
Totonac (Misantla);yecu1235;nd;no;no dom.;no;yes;yes;;Suárez 1983: 98-101, MacCay and Trechsel 2008
Trumai;trum1247;nd;no;no dom.;no;yes;no;yes;Guirardello 1999, Comrie 2005
Tsafiki;colo1256;V3;yes;SOV;yes;yes;;yes;Dickinson 2002: 228
Tsimshian (Coast);nucl1649;V1;yes;VSO;yes;yes;yes;yes;Dunn 1979: 60, Comrie 2005
Tsou;tsou1248;V1;no;no dom.;no;yes;yes;yes;Zeitoun 2005: 266, Huang and Huang 2003
Tubu;tebu1238;V3;yes;SOV;yes;yes;;yes;König 2008a
Tucano;tuca1252;V3;no;no dom.;no;yes;;yes;Ramirez 1997
Tujia (Northern);nort2732;V3;yes;SOV;yes;no;no;no;Brasset, Brasset and Lu 2006: 50, 75-76, 160-163
Tukang Besi;tuka1247;V1;no;VOS;no;yes;yes;yes;Donohue 1999a: 51-53
Tunen;tune1241;V3;yes;SOV;yes;yes;yes;;Mous 1997
Tungak;tung1290;SVO;yes;SVO;yes;yes;yes;yes;Fast 1990: 20
Tunica;tuni1252;V3;yes;SOV;yes;yes;yes;no;Haas 1940: 36-37, 46-47, 94, 95, 98, 99, 105
Turkana;turk1308;V1;yes;VSO;yes;yes;yes;yes;Dimmendaal 1983: 18-21
Turkish;nucl1301;V3;yes;SOV;yes;yes;yes;yes;von Heusinger and Kornfilt 2005, Kornfilt 2009, Bolgun 2005
Tuvan;tuvi1240;V3;yes;SOV;yes;yes;;yes;Harrison 2000: 19-25, Nichols 1992
Tuyuca;tuyu1244;V3;yes;SOV;yes;yes;yes;;Bowles 2008: 16-17, 22
Tzeltal (Petalcingo);tzel1254;nd;yes;SVO;yes;yes;yes;;Shklovsky 2005: 38
Tzutujil;cakc1244;nd;no;no dom.;no;yes;yes;no;Dayley 1985
Udihe;udih1248;V3;yes;SOV;yes;yes;;yes;Nikolaeva & Tolskaya 2001: 120-121
Udmurt;udmu1245;V3;yes;SOV;yes;yes;;yes;Havas 2008
Uduk;uduk1239;nd;no;no dom.;no;yes;yes;yes;Killian 2015: 10-11, 76-80
Ulithian;ulit1238;SVO;yes;SVO;yes;yes;yes;no;Lynch 2002: 799, 801
Ulwa;ulwa1239;V3;yes;SOV;yes;yes;yes;no;Conzemius 1929: 83-, 88, 106, Benedicto & Hale 2000
Una;unaa1239;V3;yes;SOV;yes;yes;yes;yes;Louwerse 1988: 106-111, Comrie 2005
Ungarinjin;ngar1284;OVS;no;OVS;no;yes;yes;no;Rumsley 1978: 110-118, 185
Uradhi;urad1239;V3;yes;SOV;yes;yes;;yes;Nichols 1992
Urak Lawoi';urak1238;SVO;yes;SVO;yes;no;no;no;Hogan 1999: 10, 11, 27-
Urarina;urar1246;OVS;no;OVS;no;yes;yes;;Olawsky 2002: 10, 44-48, Olawsky 2006
Urim;urim1252;SVO;yes;SVO;yes;no;no;no;Hemmilä 1987
Uru;uruu1244;V3;yes;SOV;yes;yes;yes;;Hannss 2008: 226, 229
Urubú-Kaapor;urub1250;V3;yes;SOV;yes;yes;yes;yes;Kakumasu 1986, Comrie 2005
Usan;usan1239;V3;yes;SOV;yes;yes;yes;no;Comrie 2005
Ute;utes1238;nd;no;no dom.;no;yes;;yes;Oberly 2004, Oberly 2008: 32-35, Givón 2001: 27
Uzbek;uzbe1247;V3;yes;SOV;yes;yes;;yes;Sjoberg 1997: 83-84
Vai;vaii1241;V3;yes;SOV;yes;no;no;no;Welmers 1976
Vietnamese;viet1252;SVO;yes;SVO;yes;no;no;no;Thompson 1965
Wagiman;wage1238;V3;yes;SOV;yes;yes;yes;yes;Wilson 2001, Wilson 2006
Walman;valm1241;SVO;yes;SVO;yes;yes;yes;;Brown and Dryer 2008
Wambaya;wamb1258;nd;no;no dom.;no;yes;yes;yes;Nordlinger and Bresnan 1996, Comrie 2005
Wambon;wamb1259;V3;yes;SOV;yes;yes;yes;;de Vries and de Vries-Wiersma 1992: 23
Wangkumara;ngur1261;nd;no;no dom.;no;yes;no;yes;Blake 1987, McDonald and Wurm 1979: 16, 21-24
Waorani;waor1240;V3;yes;SOV;yes;yes;yes;;Adelaar 2004: 455-456
Wappo;wapp1239;V3;yes;SOV;yes;yes;;yes;Li, Thompson and Sawyer 1977: 86, Thompson, Park and Li 2006
Warao;wara1303;V3;no;no dom.;no;yes;yes;no;Romero-Figueroa 1997
Waray (in Australia);wara1290;SVO;yes;SVO;yes;yes;yes;yes;Diller 1971: 131-135
Wardaman;ward1246;nd;no;no dom.;no;yes;yes;yes;Merlan 1994: 63-70, Comrie 2005
Warekena;guar1293;SVO;yes;SVO;yes;yes;yes;no;Aikhenvald 1998: 229, 287, 357-359
Warembori;ware1253;SVO;yes;SVO;yes;yes;yes;;Donohue 1999b
Wari';wari1268;V1;no;VOS;no;yes;yes;no;Kern 1996: 14, 25-27, Everett and Kern 1997
Warndarang;wand1263;SVO;yes;SVO;yes;yes;yes;no;Heath 1980
Warrwa;warr1258;nd;no;no dom.;no;yes;;yes;McGregor 2006
Washo;wash1253;V3;yes;SOV;yes;yes;;yes;Jacobsen 1964: 419, Peachey 2007
Watam;wata1253;V3;no;no dom.;no;yes;;yes;Foley 2005, Foley 1999
Waurá;waur1244;SVO;yes;SVO;yes;yes;yes;;Derbyshire 1986a: 493-, Richards 1977: 1-2
Wayampi;waya1270;V3;yes;SOV;yes;yes;yes;;Grenard 1980
Welsh;wels1247;V1;yes;VSO;yes;yes;yes;yes;King 1993, Borsley, Tallerman and Willis 2007
Wembawemba;wemb1241;V1;no;VOS;no;yes;;yes;Nichols 1992
Weri;weri1253;V3;yes;SOV;yes;yes;yes;;Boxwell 1990
Wichí;wich1264;SVO;yes;SVO;yes;yes;yes;no;Tovar 1981: 197-199, 219-220
Wichita;wich1260;nd;no;no dom.;no;yes;yes;no;Rood 1996: 587-588
Wintu;wint1259;nd;no;no dom.;no;yes;;yes;Pitkin 1984: 215-216, Nichols 1992
Wiyot;wiyo1248;nd;no;no dom.;no;yes;yes;;Teeter 1964: 70-71, 102
Woisika;kama1365;V3;no;no dom.;no;yes;yes;no;Stokhof 1982
Wolio;woli1241;V1;yes;VSO;yes;yes;yes;;Anceaux 1952: 57
Womo;womo1238;nd;no;no dom.;no;yes;yes;;Donohue 2005a
Yagua;yagu1244;nd;no;no dom.;no;yes;yes;yes;Payne 1985, Everett 1989, Payne and Payne 1990
Yahgan;yama1264;SVO;yes;SVO;yes;yes;yes;;Adelaar 2004: 567-578
Yakoma;yako1252;SVO;yes;SVO;yes;yes;yes;;Boyeldieu 1995: 114
Yalunka;yalu1240;V3;yes;SOV;yes;no;no;no;Lüpke 2005: 76
Yaminahua;yami1256;V3;yes;SOV;yes;yes;no;yes;Faust and Loos 2000: 80
Yana;yana1271;V1;no;no dom.;no;yes;yes;;Mithun 2001: 564-566
Yaouré;yaou1238;V3;yes;SOV;yes;no;no;no;Hopkins 1987: 23, 27, 29, 30, 48-49
Yapese;yape1248;V1;yes;VSO;yes;yes;yes;no;Jensen 1977: 136-137
Yaqay;yaqa1246;V3;yes;SOV;yes;yes;yes;;Voorhoeve 1975: 361-362, Boelaars 1950
Yaqui;yaqu1251;V3;yes;SOV;yes;yes;;yes;Guerrero Valenzuela 2004, Comrie 2005
Yareba;yare1248;V3;yes;SOV;yes;yes;yes;yes;Weimer and Weimer 1964: 489, 493, 495
Yaruro;pume1238;V3;yes;SOV;yes;yes;yes;yes;Mosonyi et al 2000c: 556, 557
Yavitero;yavi1244;V1;no;no dom.;no;yes;yes;;Mosonyi et al 2000a: 624, 644
Yawa;nucl1454;V3;yes;SOV;yes;yes;yes;yes;Siewierska 2005: 414, Jones 1986ab
Yawelmani;yoku1256;nd;no;no dom.;no;yes;no;yes;Archangeli 1984: 311-318, Nichols 1992
Yei;yeii1239;V3;yes;SOV;yes;yes;yes;yes;Boelaars 1950: 50-54
Yelî Dnye;yele1255;V3;yes;SOV;yes;yes;yes;yes;Henderson 1995
Yessan-Mayo;yess1239;V3;yes;SOV;yes;yes;no;yes;Nichols 1992, Foreman 1974: 90
Yidiny;yidi1250;V3;yes;SOV;yes;yes;;yes;Dixon 1977: 255, Comrie 2005
Yimas;yima1243;nd;no;no dom.;no;yes;yes;no;Foley 1991
Yingkarta;ying1247;SVO;yes;SVO;yes;yes;;yes;Dench 1998: 59-68
Yoke;yoke1238;SVO;yes;SVO;yes;yes;yes;;Clouse, Donohue, Ma 2002: 7-8
Yoruba;yoru1245;SVO;yes;SVO;yes;yes;yes;no;Welmers 1973: 127-128, Bamgbose 1966
Yucatec;yuca1254;V1;no;no dom.;no;yes;yes;;Bolles and Bolles 2004, Brody 2004
Yuchi;yuch1247;V3;yes;SOV;yes;yes;yes;no;Linn 2000: 118-119, 163
Yukaghir (Kolyma);sout2750;V3;yes;SOV;yes;yes;yes;yes;Maslova 2003: 3-4, 9-10, Comrie 2005
Yuki;yuki1243;nd;no;no dom.;no;yes;;yes;Kroeber 1911: 355, 372, Kroeber 1906: 76-77
Yukulta;gang1267;SVO;yes;SVO;yes;yes;yes;yes;Keen 1983, Denniss 2007, Nichols 1992
Yup'ik (Central);cent2127;nd;no;no dom.;no;yes;yes;yes;Reed et al 1977: 64, 82-83, Comrie 2005
Yuracare;yura1255;nd;no;no dom.;no;yes;yes;;van Gijn 2006: 8-12
Yurok;yuro1248;nd;no;no dom.;no;yes;yes;no;Robins 1958: 23, 30-, 69-, Blevins 2008
Zande;zand1248;SVO;yes;SVO;yes;no;no;no;Gore 1926: 24-25, 28
Zaparo;zapa1253;SVO;yes;SVO;yes;no;no;no;Peeke 1991: 9, 22
Zapotec (Isthmus);isth1244;V1;yes;VSO;yes;no;no;no;Rosenbaum 1974
Zapotec (Quiegolani);sant1451;V1;yes;VSO;yes;no;no;no;Black 2000: 45, 46
Zapotec (Sierra de Juarez)/Zapotec (Macuiltianguis);sier1250;V1;yes;VSO;no;no;no;no;Foreman 2006: 225-
Zapotec (Tlacolulita);tlac1240;V1;yes;VSO;yes;no;no;no;Lillehaugen 2006
Zapotec (Yalálag);yala1267;V1;yes;VSO;yes;no;no;no;Becerra 2004: 60-65
Zapotec (Yatzachi);yatz1235;V1;yes;VSO;yes;yes;yes;no;Butler 1980: 141-149
Zapotec (Zoogocho);zoog1238;V1;yes;VSO;yes;yes;yes;no;Sonnenschein 2005: 43-45, 219, 220, 226, 260
Zhuang (Northern);guib1245;SVO;yes;SVO;yes;no;no;no;Bodomo 2007
Zoque (Chimalapa);chim1300;SVO;yes;SVO;yes;yes;yes;no;Johnson 2000: 14-15
Zoque (Copainalá);copa1236;V1;no;VOS;no;yes;yes;yes;Harrison & Harrison 1984: 42-, Comrie 2005
Zoulei;aoua1234;SVO;yes;SVO;yes;no;no;no;Li, Li & Luo 2014
Zulu;zulu1248;SVO;yes;SVO;yes;yes;yes;no;Canonici 1995: 24, 25
Zuni;zuni1245;V3;yes;SOV;yes;yes;yes;no;Nichols 1997: 6-7
